solver,solver_label,scenario,init_name,goal_name,q_tol,ee_tol,qdot_tol,final_q_error,final_ee_error,final_qdot_norm,collision_count,goal_reached_strict,goal_reached_ee,collision_free,near_goal_ee05,near_goal_ee07,q_ok,ee_ok,qdot_ok,failure_flags
mppi,MPPI,0,home_mid,detour_high,0.03,0.05,0.2,0.0374579191064,0.00945884043629,0.160462510969,0,0,1,1,1,1,0,1,1,q
mppi,MPPI,1,home_mid,goal_right,0.03,0.05,0.2,0.0500203432804,0.0230981222885,0.26608028635,0,0,0,1,1,1,0,1,0,q+vel
mppi,MPPI,2,home_mid,pre_pick,0.03,0.05,0.2,0.0216560284209,0.00450863481667,0.135771798272,10,1,1,0,1,1,1,1,1,col
mppi,MPPI,3,home_mid,pick_low,0.03,0.05,0.2,0.0752225369752,0.0267950821579,0.367364886742,0,0,0,1,1,1,0,1,0,q+vel
mppi,MPPI,4,home_mid,transfer_high,0.03,0.05,0.2,0.176348193765,0.126496701843,0.310321057881,24,0,0,0,0,0,0,0,0,q+ee+vel+col
mppi,MPPI,5,home_mid,pre_place,0.03,0.05,0.2,0.137188637725,0.0904099653923,0.220683677527,0,0,0,1,0,0,0,0,0,q+ee+vel
mppi,MPPI,6,home_mid,place_low,0.03,0.05,0.2,0.250356110938,0.141035314424,0.422815787772,0,0,0,1,0,0,0,0,0,q+ee+vel
mppi,MPPI,7,home_mid,left_high,0.03,0.05,0.2,0.0292891228545,0.011857727628,0.11934067739,3,1,1,0,1,1,1,1,1,col
mppi,MPPI,8,home_mid,left_low,0.03,0.05,0.2,0.0626209127526,0.021420098675,0.130246519107,0,0,1,1,1,1,0,1,1,q
mppi,MPPI,9,home_mid,right_high,0.03,0.05,0.2,0.0778533878688,0.0506935241641,0.282381970105,0,0,0,1,0,1,0,0,0,q+ee+vel
mppi,MPPI,10,home_mid,right_low,0.03,0.05,0.2,0.16756740622,0.0912721248204,0.519245304482,0,0,0,1,0,0,0,0,0,q+ee+vel
mppi,MPPI,11,home_mid,over_left,0.03,0.05,0.2,0.169458587912,0.0886628584885,0.326397099444,21,0,0,0,0,0,0,0,0,q+ee+vel+col
mppi,MPPI,12,home_mid,over_right,0.03,0.05,0.2,0.135473073621,0.08967396636,0.372290862665,29,0,0,0,0,0,0,0,0,q+ee+vel+col
mppi,MPPI,13,home_mid,front_left_mid,0.03,0.05,0.2,0.0756221145552,0.0439689619403,0.24259875668,0,0,0,1,1,1,0,1,0,q+vel
mppi,MPPI,14,home_mid,front_right_mid,0.03,0.05,0.2,0.310341232085,0.212055376993,0.554301515075,0,0,0,1,0,0,0,0,0,q+ee+vel
mppi,MPPI,15,detour_high,home_mid,0.03,0.05,0.2,0.0431618478363,0.01678164527,0.316861057041,18,0,0,0,1,1,0,1,0,q+vel+col
mppi,MPPI,16,detour_high,goal_right,0.03,0.05,0.2,0.063390444172,0.0386688242919,0.18871618752,0,0,1,1,1,1,0,1,1,q
mppi,MPPI,17,detour_high,pre_pick,0.03,0.05,0.2,0.0357191544203,0.00819456829441,0.263668138841,0,0,0,1,1,1,0,1,0,q+vel
mppi,MPPI,18,detour_high,pick_low,0.03,0.05,0.2,0.0480949345385,0.0225446144231,0.200253759374,0,0,0,1,1,1,0,1,0,q+vel
mppi,MPPI,19,detour_high,transfer_high,0.03,0.05,0.2,0.0294670555142,0.0183656986785,0.16357005511,23,1,1,0,1,1,1,1,1,col
mppi,MPPI,20,detour_high,pre_place,0.03,0.05,0.2,0.0624875368401,0.0431345308676,0.312959127455,11,0,0,0,1,1,0,1,0,q+vel+col
mppi,MPPI,21,detour_high,place_low,0.03,0.05,0.2,0.0476617197303,0.0245792838291,0.291871295882,0,0,0,1,1,1,0,1,0,q+vel
mppi,MPPI,22,detour_high,left_high,0.03,0.05,0.2,0.0176539709202,0.00392864684815,0.1475024665,0,1,1,1,1,1,1,1,1,ok
mppi,MPPI,23,detour_high,left_low,0.03,0.05,0.2,0.0280351068346,0.00703606823078,0.171718446982,31,1,1,0,1,1,1,1,1,col
mppi,MPPI,24,detour_high,right_high,0.03,0.05,0.2,0.162888898125,0.118955888581,0.181504396778,11,0,0,0,0,0,0,0,1,q+ee+col
mppi,MPPI,25,detour_high,right_low,0.03,0.05,0.2,0.0179311259585,0.00807248383055,0.113207504865,0,1,1,1,1,1,1,1,1,ok
mppi,MPPI,26,detour_high,over_left,0.03,0.05,0.2,0.0284297899826,0.0179518735445,0.189100668434,16,1,1,0,1,1,1,1,1,col
mppi,MPPI,27,detour_high,over_right,0.03,0.05,0.2,0.0757678248306,0.0193971053674,0.267226019521,23,0,0,0,1,1,0,1,0,q+vel+col
mppi,MPPI,28,detour_high,front_left_mid,0.03,0.05,0.2,0.0477066586592,0.02696821339,0.18800090461,0,0,1,1,1,1,0,1,1,q
mppi,MPPI,29,detour_high,front_right_mid,0.03,0.05,0.2,0.02611936993,0.00765618384191,0.18221175391,0,1,1,1,1,1,1,1,1,ok
mppi,MPPI,30,goal_right,home_mid,0.03,0.05,0.2,0.0296029793197,0.00949603648923,0.196174373359,0,1,1,1,1,1,1,1,1,ok
mppi,MPPI,31,goal_right,detour_high,0.03,0.05,0.2,0.0370025538753,0.0159907153781,0.210453682211,0,0,0,1,1,1,0,1,0,q+vel
mppi,MPPI,32,goal_right,pre_pick,0.03,0.05,0.2,0.0295047799287,0.00900438179558,0.119697716319,0,1,1,1,1,1,1,1,1,ok
mppi,MPPI,33,goal_right,pick_low,0.03,0.05,0.2,0.0276688622117,0.0121850357735,0.180914360119,0,1,1,1,1,1,1,1,1,ok
mppi,MPPI,34,goal_right,transfer_high,0.03,0.05,0.2,0.0284487855841,0.011317719899,0.172865068395,0,1,1,1,1,1,1,1,1,ok
mppi,MPPI,35,goal_right,pre_place,0.03,0.05,0.2,0.0635021213758,0.0354833231142,0.25440711671,27,0,0,0,1,1,0,1,0,q+vel+col
mppi,MPPI,36,goal_right,place_low,0.03,0.05,0.2,0.07466283629,0.0361847269754,0.281969526736,9,0,0,0,1,1,0,1,0,q+vel+col
mppi,MPPI,37,goal_right,left_high,0.03,0.05,0.2,0.0254911388169,0.00734186469283,0.195950260844,0,1,1,1,1,1,1,1,1,ok
mppi,MPPI,38,goal_right,left_low,0.03,0.05,0.2,0.0297069314288,0.00741760406204,0.136575835164,0,1,1,1,1,1,1,1,1,ok
mppi,MPPI,39,goal_right,right_high,0.03,0.05,0.2,0.111629914933,0.0618509859432,0.200504460002,30,0,0,0,0,1,0,0,0,q+ee+vel+col
mppi,MPPI,40,goal_right,right_low,0.03,0.05,0.2,0.159944064758,0.0928879478775,0.339005641846,14,0,0,0,0,0,0,0,0,q+ee+vel+col
mppi,MPPI,41,goal_right,over_left,0.03,0.05,0.2,0.0247230617201,0.00849268436886,0.16525625999,0,1,1,1,1,1,1,1,1,ok
mppi,MPPI,42,goal_right,over_right,0.03,0.05,0.2,0.0580704163882,0.00900569489002,0.152777527982,26,0,1,0,1,1,0,1,1,q+col
mppi,MPPI,43,goal_right,front_left_mid,0.03,0.05,0.2,0.0683794553368,0.0186766307986,0.468126060692,0,0,0,1,1,1,0,1,0,q+vel
mppi,MPPI,44,goal_right,front_right_mid,0.03,0.05,0.2,0.0276546000511,0.0069262945806,0.124789971222,0,1,1,1,1,1,1,1,1,ok
mppi,MPPI,45,pre_pick,home_mid,0.03,0.05,0.2,0.193012343837,0.140832458097,0.222843381376,0,0,0,1,0,0,0,0,0,q+ee+vel
mppi,MPPI,46,pre_pick,detour_high,0.03,0.05,0.2,0.0546427190026,0.0365034904749,0.271720054149,0,0,0,1,1,1,0,1,0,q+vel
mppi,MPPI,47,pre_pick,goal_right,0.03,0.05,0.2,0.022800984189,0.00611442578987,0.168107507933,0,1,1,1,1,1,1,1,1,ok
mppi,MPPI,48,pre_pick,pick_low,0.03,0.05,0.2,0.265032660807,0.146080043467,0.862674957328,0,0,0,1,0,0,0,0,0,q+ee+vel
mppi,MPPI,49,pre_pick,transfer_high,0.03,0.05,0.2,0.0821303170973,0.0395618823571,0.218744123891,13,0,0,0,1,1,0,1,0,q+vel+col
mppi,MPPI,50,pre_pick,pre_place,0.03,0.05,0.2,0.0285071769685,0.0154567636744,0.162364321958,0,1,1,1,1,1,1,1,1,ok
mppi,MPPI,51,pre_pick,place_low,0.03,0.05,0.2,0.0379280242657,0.00718658840404,0.261036637181,0,0,0,1,1,1,0,1,0,q+vel
mppi,MPPI,52,pre_pick,left_high,0.03,0.05,0.2,0.215123628787,0.128368458577,0.280344758062,16,0,0,0,0,0,0,0,0,q+ee+vel+col
mppi,MPPI,53,pre_pick,left_low,0.03,0.05,0.2,0.168461188193,0.0935822286481,0.387138849124,2,0,0,0,0,0,0,0,0,q+ee+vel+col
mppi,MPPI,54,pre_pick,right_high,0.03,0.05,0.2,0.0250991781289,0.00804287920883,0.185684041043,0,1,1,1,1,1,1,1,1,ok
mppi,MPPI,55,pre_pick,right_low,0.03,0.05,0.2,0.0238159356438,0.00567533822984,0.172871550915,0,1,1,1,1,1,1,1,1,ok
mppi,MPPI,56,pre_pick,over_left,0.03,0.05,0.2,0.161280110618,0.0874232174278,0.270703883494,25,0,0,0,0,0,0,0,0,q+ee+vel+col
mppi,MPPI,57,pre_pick,over_right,0.03,0.05,0.2,0.0553023308406,0.0347545319215,0.290214074834,0,0,0,1,1,1,0,1,0,q+vel
mppi,MPPI,58,pre_pick,front_left_mid,0.03,0.05,0.2,0.409404947015,0.2569506271,0.238629524807,10,0,0,0,0,0,0,0,0,q+ee+vel+col
mppi,MPPI,59,pre_pick,front_right_mid,0.03,0.05,0.2,0.133846249039,0.0814830852327,0.398063335118,0,0,0,1,0,0,0,0,0,q+ee+vel
mppi,MPPI,60,pick_low,home_mid,0.03,0.05,0.2,0.0754712278875,0.0425541536976,0.209784378843,0,0,0,1,1,1,0,1,0,q+vel
mppi,MPPI,61,pick_low,detour_high,0.03,0.05,0.2,0.0295584728257,0.0240135248617,0.113739104587,0,1,1,1,1,1,1,1,1,ok
mppi,MPPI,62,pick_low,goal_right,0.03,0.05,0.2,0.0380734293769,0.00902129251249,0.214516016397,0,0,0,1,1,1,0,1,0,q+vel
mppi,MPPI,63,pick_low,pre_pick,0.03,0.05,0.2,0.122985934881,0.0749156281906,0.288607350409,24,0,0,0,0,0,0,0,0,q+ee+vel+col
mppi,MPPI,64,pick_low,transfer_high,0.03,0.05,0.2,0.0422983268684,0.0201617431353,0.191009742557,0,0,1,1,1,1,0,1,1,q
mppi,MPPI,65,pick_low,pre_place,0.03,0.05,0.2,0.0519655594134,0.00429384378142,0.157629788485,0,0,1,1,1,1,0,1,1,q
mppi,MPPI,66,pick_low,place_low,0.03,0.05,0.2,0.0292981424735,0.0054610884035,0.110039550937,0,1,1,1,1,1,1,1,1,ok
mppi,MPPI,67,pick_low,left_high,0.03,0.05,0.2,0.0629054079097,0.0272338277958,0.354657232247,24,0,0,0,1,1,0,1,0,q+vel+col
mppi,MPPI,68,pick_low,left_low,0.03,0.05,0.2,0.216691670528,0.120449245626,0.283355257325,18,0,0,0,0,0,0,0,0,q+ee+vel+col
mppi,MPPI,69,pick_low,right_high,0.03,0.05,0.2,0.0293313381381,0.0115426389673,0.199960045498,0,1,1,1,1,1,1,1,1,ok
mppi,MPPI,70,pick_low,right_low,0.03,0.05,0.2,0.0356328258816,0.0217325052667,0.232094503861,0,0,0,1,1,1,0,1,0,q+vel
mppi,MPPI,71,pick_low,over_left,0.03,0.05,0.2,0.0753188110364,0.0246911923456,0.328055209597,0,0,0,1,1,1,0,1,0,q+vel
mppi,MPPI,72,pick_low,over_right,0.03,0.05,0.2,0.0129347443435,0.00652776458177,0.106134899275,0,1,1,1,1,1,1,1,1,ok
mppi,MPPI,73,pick_low,front_left_mid,0.03,0.05,0.2,0.222872131099,0.144214474701,0.368265331354,22,0,0,0,0,0,0,0,0,q+ee+vel+col
mppi,MPPI,74,pick_low,front_right_mid,0.03,0.05,0.2,0.0690071283017,0.0403507799278,0.39600038723,0,0,0,1,1,1,0,1,0,q+vel
mppi,MPPI,75,transfer_high,home_mid,0.03,0.05,0.2,0.241992867203,0.158428092877,0.354012043818,11,0,0,0,0,0,0,0,0,q+ee+vel+col
mppi,MPPI,76,transfer_high,detour_high,0.03,0.05,0.2,0.0957890388839,0.0675818183288,0.243489781946,0,0,0,1,0,1,0,0,0,q+ee+vel
mppi,MPPI,77,transfer_high,goal_right,0.03,0.05,0.2,0.134344223497,0.0928674426658,0.32484740613,0,0,0,1,0,0,0,0,0,q+ee+vel
mppi,MPPI,78,transfer_high,pre_pick,0.03,0.05,0.2,0.0488210025913,0.0142466894649,0.223912497916,0,0,0,1,1,1,0,1,0,q+vel
mppi,MPPI,79,transfer_high,pick_low,0.03,0.05,0.2,1.05588474479,0.562332830499,0.299325351034,0,0,0,1,0,0,0,0,0,q+ee+vel
mppi,MPPI,80,transfer_high,pre_place,0.03,0.05,0.2,0.271138983003,0.198319623886,0.413562813713,0,0,0,1,0,0,0,0,0,q+ee+vel
mppi,MPPI,81,transfer_high,place_low,0.03,0.05,0.2,0.341271850415,0.189239759844,0.373274775783,0,0,0,1,0,0,0,0,0,q+ee+vel
mppi,MPPI,82,transfer_high,left_high,0.03,0.05,0.2,0.029715968792,0.00787314956739,0.180008626009,0,1,1,1,1,1,1,1,1,ok
mppi,MPPI,83,transfer_high,left_low,0.03,0.05,0.2,0.03653055752,0.0146791368272,0.199254573737,0,0,1,1,1,1,0,1,1,q
mppi,MPPI,84,transfer_high,right_high,0.03,0.05,0.2,0.220267272342,0.154809319581,0.348746319658,0,0,0,1,0,0,0,0,0,q+ee+vel
mppi,MPPI,85,transfer_high,right_low,0.03,0.05,0.2,0.26999074042,0.14860354279,0.230100902757,0,0,0,1,0,0,0,0,0,q+ee+vel
mppi,MPPI,86,transfer_high,over_left,0.03,0.05,0.2,0.15392584638,0.0825584515012,0.198367064989,15,0,0,0,0,0,0,0,1,q+ee+col
mppi,MPPI,87,transfer_high,over_right,0.03,0.05,0.2,0.239904192958,0.168494770101,0.348266926649,30,0,0,0,0,0,0,0,0,q+ee+vel+col
mppi,MPPI,88,transfer_high,front_left_mid,0.03,0.05,0.2,0.0439293109277,0.00969819203278,0.288696949686,0,0,0,1,1,1,0,1,0,q+vel
mppi,MPPI,89,transfer_high,front_right_mid,0.03,0.05,0.2,0.46324149939,0.299295685115,0.392196882415,0,0,0,1,0,0,0,0,0,q+ee+vel
mppi,MPPI,90,pre_place,home_mid,0.03,0.05,0.2,0.0560085119008,0.0221119415492,0.182443709248,0,0,1,1,1,1,0,1,1,q
mppi,MPPI,91,pre_place,detour_high,0.03,0.05,0.2,0.0670704935487,0.0424932762756,0.171244890135,0,0,1,1,1,1,0,1,1,q
mppi,MPPI,92,pre_place,goal_right,0.03,0.05,0.2,0.325142394742,0.259192577614,0.288826737719,0,0,0,1,0,0,0,0,0,q+ee+vel
mppi,MPPI,93,pre_place,pre_pick,0.03,0.05,0.2,0.0691660141169,0.0246827903499,0.160829335117,0,0,1,1,1,1,0,1,1,q
mppi,MPPI,94,pre_place,pick_low,0.03,0.05,0.2,0.0291020653631,0.0118422804567,0.187480157688,0,1,1,1,1,1,1,1,1,ok
mppi,MPPI,95,pre_place,transfer_high,0.03,0.05,0.2,0.0296484979601,0.0100327120596,0.181880769593,20,1,1,0,1,1,1,1,1,col
mppi,MPPI,96,pre_place,place_low,0.03,0.05,0.2,0.233954342712,0.109232869411,0.363417472798,0,0,0,1,0,0,0,0,0,q+ee+vel
mppi,MPPI,97,pre_place,left_high,0.03,0.05,0.2,0.0297744743394,0.00882755608416,0.197496130335,0,1,1,1,1,1,1,1,1,ok
mppi,MPPI,98,pre_place,left_low,0.03,0.05,0.2,0.0579374230409,0.0296099591621,0.17001014259,0,0,1,1,1,1,0,1,1,q
mppi,MPPI,99,pre_place,right_high,0.03,0.05,0.2,0.266449381078,0.203353993049,0.272520967558,33,0,0,0,0,0,0,0,0,q+ee+vel+col
mppi,MPPI,100,pre_place,right_low,0.03,0.05,0.2,0.306436578026,0.178588196837,0.228923837956,0,0,0,1,0,0,0,0,0,q+ee+vel
mppi,MPPI,101,pre_place,over_left,0.03,0.05,0.2,0.0389061298008,0.0143511689269,0.253542958585,0,0,0,1,1,1,0,1,0,q+vel
mppi,MPPI,102,pre_place,over_right,0.03,0.05,0.2,0.122196877545,0.0594238386759,0.165741601221,22,0,0,0,0,1,0,0,1,q+ee+col
mppi,MPPI,103,pre_place,front_left_mid,0.03,0.05,0.2,0.0280143662095,0.00583193735244,0.17081220253,0,1,1,1,1,1,1,1,1,ok
mppi,MPPI,104,pre_place,front_right_mid,0.03,0.05,0.2,0.100365078322,0.0638070438165,0.247819934857,0,0,0,1,0,1,0,0,0,q+ee+vel
mppi,MPPI,105,place_low,home_mid,0.03,0.05,0.2,0.0521382745062,0.0243867116841,0.282509476499,10,0,0,0,1,1,0,1,0,q+vel+col
mppi,MPPI,106,place_low,detour_high,0.03,0.05,0.2,0.0263562709259,0.00719867910575,0.170359310357,0,1,1,1,1,1,1,1,1,ok
mppi,MPPI,107,place_low,goal_right,0.03,0.05,0.2,0.179806280258,0.130976780522,0.256698834338,0,0,0,1,0,0,0,0,0,q+ee+vel
mppi,MPPI,108,place_low,pre_pick,0.03,0.05,0.2,0.0726114344142,0.0249706453503,0.199688965055,0,0,1,1,1,1,0,1,1,q
mppi,MPPI,109,place_low,pick_low,0.03,0.05,0.2,0.0562375691017,0.0250597099268,0.188449546293,0,0,1,1,1,1,0,1,1,q
mppi,MPPI,110,place_low,transfer_high,0.03,0.05,0.2,0.027566159119,0.00603707083312,0.176863489589,23,1,1,0,1,1,1,1,1,col
mppi,MPPI,111,place_low,pre_place,0.03,0.05,0.2,0.0847603873202,0.0413538677682,0.277307882015,29,0,0,0,1,1,0,1,0,q+vel+col
mppi,MPPI,112,place_low,left_high,0.03,0.05,0.2,0.0480317767947,0.015812050165,0.214627760963,0,0,0,1,1,1,0,1,0,q+vel
mppi,MPPI,113,place_low,left_low,0.03,0.05,0.2,0.0292498098701,0.0132168610471,0.165597813968,0,1,1,1,1,1,1,1,1,ok
mppi,MPPI,114,place_low,right_high,0.03,0.05,0.2,0.0812218791433,0.0306322159702,0.296879204275,0,0,0,1,1,1,0,1,0,q+vel
mppi,MPPI,115,place_low,right_low,0.03,0.05,0.2,0.279042995577,0.178475025681,0.392242395227,19,0,0,0,0,0,0,0,0,q+ee+vel+col
mppi,MPPI,116,place_low,over_left,0.03,0.05,0.2,0.0491730459745,0.0107230047808,0.172954154911,13,0,1,0,1,1,0,1,1,q+col
mppi,MPPI,117,place_low,over_right,0.03,0.05,0.2,0.0280812558866,0.00622628490589,0.318203864525,26,0,0,0,1,1,1,1,0,vel+col
mppi,MPPI,118,place_low,front_left_mid,0.03,0.05,0.2,0.0262589948523,0.0064235486064,0.139611827907,0,1,1,1,1,1,1,1,1,ok
mppi,MPPI,119,place_low,front_right_mid,0.03,0.05,0.2,0.118210185999,0.0678178484518,0.332903657647,20,0,0,0,0,1,0,0,0,q+ee+vel+col
mppi,MPPI,120,left_high,home_mid,0.03,0.05,0.2,0.180919657736,0.111753906804,0.196855535177,0,0,0,1,0,0,0,0,1,q+ee
mppi,MPPI,121,left_high,detour_high,0.03,0.05,0.2,0.0503287998341,0.00984876813472,0.248535571097,0,0,0,1,1,1,0,1,0,q+vel
mppi,MPPI,122,left_high,goal_right,0.03,0.05,0.2,0.101302692291,0.0671167998019,0.321665590627,0,0,0,1,0,1,0,0,0,q+ee+vel
mppi,MPPI,123,left_high,pre_pick,0.03,0.05,0.2,0.299687460866,0.212242886447,0.52354926655,22,0,0,0,0,0,0,0,0,q+ee+vel+col
mppi,MPPI,124,left_high,pick_low,0.03,0.05,0.2,0.49571171785,0.281575291535,0.426697017382,0,0,0,1,0,0,0,0,0,q+ee+vel
mppi,MPPI,125,left_high,transfer_high,0.03,0.05,0.2,0.111119358831,0.0771989545697,0.297675504039,0,0,0,1,0,0,0,0,0,q+ee+vel
mppi,MPPI,126,left_high,pre_place,0.03,0.05,0.2,0.0484311474847,0.0111805288479,0.275323444392,0,0,0,1,1,1,0,1,0,q+vel
mppi,MPPI,127,left_high,place_low,0.03,0.05,0.2,0.0484784625881,0.0164836509804,0.265582649293,0,0,0,1,1,1,0,1,0,q+vel
mppi,MPPI,128,left_high,left_low,0.03,0.05,0.2,0.223131204804,0.128910642767,0.429598761558,0,0,0,1,0,0,0,0,0,q+ee+vel
mppi,MPPI,129,left_high,right_high,0.03,0.05,0.2,0.0289716709109,0.00708592811069,0.175753106969,0,1,1,1,1,1,1,1,1,ok
mppi,MPPI,130,left_high,right_low,0.03,0.05,0.2,0.0222172822221,0.00770203992574,0.269366192205,0,0,0,1,1,1,1,1,0,vel
mppi,MPPI,131,left_high,over_left,0.03,0.05,0.2,0.116541157461,0.0635489618335,0.380316127109,18,0,0,0,0,1,0,0,0,q+ee+vel+col
mppi,MPPI,132,left_high,over_right,0.03,0.05,0.2,0.0738044948466,0.042116755795,0.415359852743,0,0,0,1,1,1,0,1,0,q+vel
mppi,MPPI,133,left_high,front_left_mid,0.03,0.05,0.2,0.39314205735,0.269832333395,0.485610685095,0,0,0,1,0,0,0,0,0,q+ee+vel
mppi,MPPI,134,left_high,front_right_mid,0.03,0.05,0.2,0.101526660847,0.0620825543226,0.219413637547,0,0,0,1,0,1,0,0,0,q+ee+vel
mppi,MPPI,135,left_low,home_mid,0.03,0.05,0.2,0.0289103296336,0.00702189530689,0.271431692125,0,0,0,1,1,1,1,1,0,vel
mppi,MPPI,136,left_low,detour_high,0.03,0.05,0.2,0.0294026715377,0.0120394241081,0.196589263381,0,1,1,1,1,1,1,1,1,ok
mppi,MPPI,137,left_low,goal_right,0.03,0.05,0.2,0.02841489095,0.0202393226575,0.127570824728,0,1,1,1,1,1,1,1,1,ok
mppi,MPPI,138,left_low,pre_pick,0.03,0.05,0.2,0.166503442722,0.114768366104,0.298720686484,27,0,0,0,0,0,0,0,0,q+ee+vel+col
mppi,MPPI,139,left_low,pick_low,0.03,0.05,0.2,0.388432015903,0.242092783281,0.501649761053,15,0,0,0,0,0,0,0,0,q+ee+vel+col
mppi,MPPI,140,left_low,transfer_high,0.03,0.05,0.2,0.0574757775897,0.0163038759265,0.157103134631,0,0,1,1,1,1,0,1,1,q
mppi,MPPI,141,left_low,pre_place,0.03,0.05,0.2,0.0290694842136,0.00808159468027,0.158280263657,0,1,1,1,1,1,1,1,1,ok
mppi,MPPI,142,left_low,place_low,0.03,0.05,0.2,0.0587940606813,0.0139250842512,0.204745672945,0,0,0,1,1,1,0,1,0,q+vel
mppi,MPPI,143,left_low,left_high,0.03,0.05,0.2,0.097786892937,0.0683456358536,0.271975042812,24,0,0,0,0,1,0,0,0,q+ee+vel+col
mppi,MPPI,144,left_low,right_high,0.03,0.05,0.2,0.0293867508786,0.0161627031467,0.167529177398,0,1,1,1,1,1,1,1,1,ok
mppi,MPPI,145,left_low,right_low,0.03,0.05,0.2,0.0266442144751,0.0135536897759,0.281653245273,0,0,0,1,1,1,1,1,0,vel
mppi,MPPI,146,left_low,over_left,0.03,0.05,0.2,0.0243942776302,0.00949812308457,0.199814511429,0,1,1,1,1,1,1,1,1,ok
mppi,MPPI,147,left_low,over_right,0.03,0.05,0.2,0.0447240307019,0.0191772389628,0.161359885578,0,0,1,1,1,1,0,1,1,q
mppi,MPPI,148,left_low,front_left_mid,0.03,0.05,0.2,0.223174943053,0.149588389482,0.273019849337,0,0,0,1,0,0,0,0,0,q+ee+vel
mppi,MPPI,149,left_low,front_right_mid,0.03,0.05,0.2,0.0209231412905,0.00446750084453,0.157357813788,0,1,1,1,1,1,1,1,1,ok
mppi,MPPI,150,right_high,home_mid,0.03,0.05,0.2,0.0278715728565,0.0169904621688,0.149159229123,0,1,1,1,1,1,1,1,1,ok
mppi,MPPI,151,right_high,detour_high,0.03,0.05,0.2,0.0980110731344,0.07053116325,0.23802255,6,0,0,0,0,0,0,0,0,q+ee+vel+col
mppi,MPPI,152,right_high,goal_right,0.03,0.05,0.2,0.292696998117,0.206786800069,0.388798700867,0,0,0,1,0,0,0,0,0,q+ee+vel
mppi,MPPI,153,right_high,pre_pick,0.03,0.05,0.2,0.0299564422644,0.006776855251,0.17652928475,0,1,1,1,1,1,1,1,1,ok
mppi,MPPI,154,right_high,pick_low,0.03,0.05,0.2,0.029451542749,0.0113962925867,0.198685918797,0,1,1,1,1,1,1,1,1,ok
mppi,MPPI,155,right_high,transfer_high,0.03,0.05,0.2,0.0269585288624,0.00696990908579,0.17746896969,16,1,1,0,1,1,1,1,1,col
mppi,MPPI,156,right_high,pre_place,0.03,0.05,0.2,0.20764741794,0.136971288562,0.300318102559,25,0,0,0,0,0,0,0,0,q+ee+vel+col
mppi,MPPI,157,right_high,place_low,0.03,0.05,0.2,0.120568315509,0.04497163688,0.140067974518,0,0,1,1,1,1,0,1,1,q
mppi,MPPI,158,right_high,left_high,0.03,0.05,0.2,0.0554308801803,0.0292008521971,0.293369903071,0,0,0,1,1,1,0,1,0,q+vel
mppi,MPPI,159,right_high,left_low,0.03,0.05,0.2,0.037863821931,0.019979164147,0.26302330398,0,0,0,1,1,1,0,1,0,q+vel
mppi,MPPI,160,right_high,right_low,0.03,0.05,0.2,0.204537395987,0.123304043716,0.318276501157,0,0,0,1,0,0,0,0,0,q+ee+vel
mppi,MPPI,161,right_high,over_left,0.03,0.05,0.2,0.0599309765089,0.0100416938163,0.307950539091,0,0,0,1,1,1,0,1,0,q+vel
mppi,MPPI,162,right_high,over_right,0.03,0.05,0.2,0.0679055982211,0.0245553986624,0.146740001442,23,0,1,0,1,1,0,1,1,q+col
mppi,MPPI,163,right_high,front_left_mid,0.03,0.05,0.2,0.0298631318654,0.0173029415652,0.142304726444,0,1,1,1,1,1,1,1,1,ok
mppi,MPPI,164,right_high,front_right_mid,0.03,0.05,0.2,0.0257563728289,0.0103826442386,0.124607050532,0,1,1,1,1,1,1,1,1,ok
mppi,MPPI,165,right_low,home_mid,0.03,0.05,0.2,0.0368871699318,0.00936384275485,0.199446718833,0,0,1,1,1,1,0,1,1,q
mppi,MPPI,166,right_low,detour_high,0.03,0.05,0.2,0.0281445392669,0.0120500785267,0.192689805204,0,1,1,1,1,1,1,1,1,ok
mppi,MPPI,167,right_low,goal_right,0.03,0.05,0.2,0.238573957332,0.18262904254,0.186688431321,7,0,0,0,0,0,0,0,1,q+ee+col
mppi,MPPI,168,right_low,pre_pick,0.03,0.05,0.2,0.0275526939688,0.00923366978052,0.129707978794,0,1,1,1,1,1,1,1,1,ok
mppi,MPPI,169,right_low,pick_low,0.03,0.05,0.2,0.0199235904186,0.00786751454435,0.198172657178,0,1,1,1,1,1,1,1,1,ok
mppi,MPPI,170,right_low,transfer_high,0.03,0.05,0.2,0.0237942320349,0.0077336136703,0.107046029182,19,1,1,0,1,1,1,1,1,col
mppi,MPPI,171,right_low,pre_place,0.03,0.05,0.2,0.124221933354,0.0736045200282,0.20418199901,28,0,0,0,0,0,0,0,0,q+ee+vel+col
mppi,MPPI,172,right_low,place_low,0.03,0.05,0.2,0.232488640778,0.136763282102,0.247836217484,14,0,0,0,0,0,0,0,0,q+ee+vel+col
mppi,MPPI,173,right_low,left_high,0.03,0.05,0.2,0.0126929993728,0.00179851374625,0.186246309695,0,1,1,1,1,1,1,1,1,ok
mppi,MPPI,174,right_low,left_low,0.03,0.05,0.2,0.0496943416944,0.00852396876309,0.323835601751,0,0,0,1,1,1,0,1,0,q+vel
mppi,MPPI,175,right_low,right_high,0.03,0.05,0.2,0.0983996331834,0.0639799824493,0.165627672918,32,0,0,0,0,1,0,0,1,q+ee+col
mppi,MPPI,176,right_low,over_left,0.03,0.05,0.2,0.0228567448995,0.00916949482415,0.156087908465,0,1,1,1,1,1,1,1,1,ok
mppi,MPPI,177,right_low,over_right,0.03,0.05,0.2,0.0295077822972,0.0144013911429,0.159851814671,25,1,1,0,1,1,1,1,1,col
mppi,MPPI,178,right_low,front_left_mid,0.03,0.05,0.2,0.0293134980459,0.0110393998015,0.166513607975,0,1,1,1,1,1,1,1,1,ok
mppi,MPPI,179,right_low,front_right_mid,0.03,0.05,0.2,0.0378258925923,0.0103083627573,0.117645762223,12,0,1,0,1,1,0,1,1,q+col
mppi,MPPI,180,over_left,home_mid,0.03,0.05,0.2,0.381392873699,0.276199182478,0.263470969566,0,0,0,1,0,0,0,0,0,q+ee+vel
mppi,MPPI,181,over_left,detour_high,0.03,0.05,0.2,0.14901233449,0.131656366732,0.271559230472,0,0,0,1,0,0,0,0,0,q+ee+vel
mppi,MPPI,182,over_left,goal_right,0.03,0.05,0.2,0.137322059018,0.0761256145975,0.368719454425,0,0,0,1,0,0,0,0,0,q+ee+vel
mppi,MPPI,183,over_left,pre_pick,0.03,0.05,0.2,0.17022935213,0.107118189168,0.173403410081,0,0,0,1,0,0,0,0,1,q+ee
mppi,MPPI,184,over_left,pick_low,0.03,0.05,0.2,0.837437945372,0.458627464215,0.412583829424,0,0,0,1,0,0,0,0,0,q+ee+vel
mppi,MPPI,185,over_left,transfer_high,0.03,0.05,0.2,0.259579315103,0.168363348294,0.248623591672,27,0,0,0,0,0,0,0,0,q+ee+vel+col
mppi,MPPI,186,over_left,pre_place,0.03,0.05,0.2,0.209063109268,0.116736911839,0.305612905438,0,0,0,1,0,0,0,0,0,q+ee+vel
mppi,MPPI,187,over_left,place_low,0.03,0.05,0.2,0.260593740403,0.143613035252,0.164027582535,0,0,0,1,0,0,0,0,1,q+ee
mppi,MPPI,188,over_left,left_high,0.03,0.05,0.2,0.0993534297897,0.0576386205289,0.212532592018,0,0,0,1,0,1,0,0,0,q+ee+vel
mppi,MPPI,189,over_left,left_low,0.03,0.05,0.2,0.0294767082124,0.011118045806,0.133806225809,0,1,1,1,1,1,1,1,1,ok
mppi,MPPI,190,over_left,right_high,0.03,0.05,0.2,0.164146824784,0.0918895652921,0.278935003281,0,0,0,1,0,0,0,0,0,q+ee+vel
mppi,MPPI,191,over_left,right_low,0.03,0.05,0.2,0.196444326525,0.106596701829,0.404448230399,0,0,0,1,0,0,0,0,0,q+ee+vel
mppi,MPPI,192,over_left,over_right,0.03,0.05,0.2,0.210796899909,0.132267236413,0.359953413162,20,0,0,0,0,0,0,0,0,q+ee+vel+col
mppi,MPPI,193,over_left,front_left_mid,0.03,0.05,0.2,0.158123146917,0.0926236038656,0.219824179182,0,0,0,1,0,0,0,0,0,q+ee+vel
mppi,MPPI,194,over_left,front_right_mid,0.03,0.05,0.2,0.348091381617,0.221042115904,0.405755651378,0,0,0,1,0,0,0,0,0,q+ee+vel
mppi,MPPI,195,over_right,home_mid,0.03,0.05,0.2,0.175699161553,0.102778197493,0.448411350219,0,0,0,1,0,0,0,0,0,q+ee+vel
mppi,MPPI,196,over_right,detour_high,0.03,0.05,0.2,0.123159096143,0.0914925180345,0.244424610759,0,0,0,1,0,0,0,0,0,q+ee+vel
mppi,MPPI,197,over_right,goal_right,0.03,0.05,0.2,0.205469659073,0.140056977344,0.236807689826,0,0,0,1,0,0,0,0,0,q+ee+vel
mppi,MPPI,198,over_right,pre_pick,0.03,0.05,0.2,0.0435248183544,0.0156731546489,0.259784482597,0,0,0,1,1,1,0,1,0,q+vel
mppi,MPPI,199,over_right,pick_low,0.03,0.05,0.2,0.0430529478979,0.0139572224487,0.303512983445,0,0,0,1,1,1,0,1,0,q+vel
mppi,MPPI,200,over_right,transfer_high,0.03,0.05,0.2,0.252890380349,0.137536424984,0.312763922921,16,0,0,0,0,0,0,0,0,q+ee+vel+col
mppi,MPPI,201,over_right,pre_place,0.03,0.05,0.2,0.325112913726,0.238509301068,0.560409435885,0,0,0,1,0,0,0,0,0,q+ee+vel
mppi,MPPI,202,over_right,place_low,0.03,0.05,0.2,0.454611086834,0.25500762828,0.405611550159,0,0,0,1,0,0,0,0,0,q+ee+vel
mppi,MPPI,203,over_right,left_high,0.03,0.05,0.2,0.0247148105436,0.0087321753485,0.192622938592,0,1,1,1,1,1,1,1,1,ok
mppi,MPPI,204,over_right,left_low,0.03,0.05,0.2,0.042266571733,0.0228729070695,0.186440094947,0,0,1,1,1,1,0,1,1,q
mppi,MPPI,205,over_right,right_high,0.03,0.05,0.2,0.251103873921,0.188569860672,0.458788404386,0,0,0,1,0,0,0,0,0,q+ee+vel
mppi,MPPI,206,over_right,right_low,0.03,0.05,0.2,0.363314205797,0.217058156146,0.516847686374,0,0,0,1,0,0,0,0,0,q+ee+vel
mppi,MPPI,207,over_right,over_left,0.03,0.05,0.2,0.12546368564,0.041686566494,0.176911978441,12,0,1,0,1,1,0,1,1,q+col
mppi,MPPI,208,over_right,front_left_mid,0.03,0.05,0.2,0.0610828779711,0.01571659371,0.182850192015,0,0,1,1,1,1,0,1,1,q
mppi,MPPI,209,over_right,front_right_mid,0.03,0.05,0.2,0.510466433761,0.340902835695,1.05318820213,0,0,0,1,0,0,0,0,0,q+ee+vel
mppi,MPPI,210,front_left_mid,home_mid,0.03,0.05,0.2,0.144184983746,0.0973094790415,0.219170889342,10,0,0,0,0,0,0,0,0,q+ee+vel+col
mppi,MPPI,211,front_left_mid,detour_high,0.03,0.05,0.2,0.0298275998154,0.0131146854974,0.156421403973,0,1,1,1,1,1,1,1,1,ok
mppi,MPPI,212,front_left_mid,goal_right,0.03,0.05,0.2,0.0162494847339,0.00856973269131,0.176590734277,0,1,1,1,1,1,1,1,1,ok
mppi,MPPI,213,front_left_mid,pre_pick,0.03,0.05,0.2,0.211106528575,0.136128882827,0.299723231282,18,0,0,0,0,0,0,0,0,q+ee+vel+col
mppi,MPPI,214,front_left_mid,pick_low,0.03,0.05,0.2,0.259915986877,0.142075261959,0.268966502419,11,0,0,0,0,0,0,0,0,q+ee+vel+col
mppi,MPPI,215,front_left_mid,transfer_high,0.03,0.05,0.2,0.0443867063074,0.014798855706,0.157401043165,12,0,1,0,1,1,0,1,1,q+col
mppi,MPPI,216,front_left_mid,pre_place,0.03,0.05,0.2,0.0513058203018,0.0105425744753,0.220907278667,0,0,0,1,1,1,0,1,0,q+vel
mppi,MPPI,217,front_left_mid,place_low,0.03,0.05,0.2,0.0689077939048,0.0265450732035,0.166974637664,0,0,1,1,1,1,0,1,1,q
mppi,MPPI,218,front_left_mid,left_high,0.03,0.05,0.2,0.092815612039,0.0440458647411,0.228687840181,19,0,0,0,1,1,0,1,0,q+vel+col
mppi,MPPI,219,front_left_mid,left_low,0.03,0.05,0.2,0.161845517426,0.0927525707494,0.260288360633,10,0,0,0,0,0,0,0,0,q+ee+vel+col
mppi,MPPI,220,front_left_mid,right_high,0.03,0.05,0.2,0.0622753557999,0.0134686990201,0.170767383694,0,0,1,1,1,1,0,1,1,q
mppi,MPPI,221,front_left_mid,right_low,0.03,0.05,0.2,0.0220097067267,0.00818909896876,0.157378043793,0,1,1,1,1,1,1,1,1,ok
mppi,MPPI,222,front_left_mid,over_left,0.03,0.05,0.2,0.111388443435,0.072361941432,0.321047094916,25,0,0,0,0,0,0,0,0,q+ee+vel+col
mppi,MPPI,223,front_left_mid,over_right,0.03,0.05,0.2,0.0278185314504,0.0187653010678,0.0977214141814,0,1,1,1,1,1,1,1,1,ok
mppi,MPPI,224,front_left_mid,front_right_mid,0.03,0.05,0.2,0.164290071359,0.107049308704,0.182400898822,0,0,0,1,0,0,0,0,1,q+ee
mppi,MPPI,225,front_right_mid,home_mid,0.03,0.05,0.2,0.126615952006,0.0721916241889,0.425702164142,15,0,0,0,0,0,0,0,0,q+ee+vel+col
mppi,MPPI,226,front_right_mid,detour_high,0.03,0.05,0.2,0.0794210268134,0.0202142775272,0.168219480769,0,0,1,1,1,1,0,1,1,q
mppi,MPPI,227,front_right_mid,goal_right,0.03,0.05,0.2,0.111011131333,0.0622756710929,0.16700066852,0,0,0,1,0,1,0,0,1,q+ee
mppi,MPPI,228,front_right_mid,pre_pick,0.03,0.05,0.2,0.0547931351809,0.0105774226742,0.262336473617,0,0,0,1,1,1,0,1,0,q+vel
mppi,MPPI,229,front_right_mid,pick_low,0.03,0.05,0.2,0.0336935022565,0.0170156561536,0.183265157752,0,0,1,1,1,1,0,1,1,q
mppi,MPPI,230,front_right_mid,transfer_high,0.03,0.05,0.2,0.103697125356,0.0621806886447,0.472193671564,24,0,0,0,0,1,0,0,0,q+ee+vel+col
mppi,MPPI,231,front_right_mid,pre_place,0.03,0.05,0.2,0.163490934084,0.103965377954,0.433333774262,0,0,0,1,0,0,0,0,0,q+ee+vel
mppi,MPPI,232,front_right_mid,place_low,0.03,0.05,0.2,0.358393872003,0.215245764505,0.307260255701,0,0,0,1,0,0,0,0,0,q+ee+vel
mppi,MPPI,233,front_right_mid,left_high,0.03,0.05,0.2,0.0691565871898,0.0230351123213,0.269441285578,0,0,0,1,1,1,0,1,0,q+vel
mppi,MPPI,234,front_right_mid,left_low,0.03,0.05,0.2,0.0385157781732,0.0170414001953,0.278789218681,0,0,0,1,1,1,0,1,0,q+vel
mppi,MPPI,235,front_right_mid,right_high,0.03,0.05,0.2,0.0582389179272,0.0281409740212,0.157666973603,0,0,1,1,1,1,0,1,1,q
mppi,MPPI,236,front_right_mid,right_low,0.03,0.05,0.2,0.234468787453,0.149181179619,0.363389376413,0,0,0,1,0,0,0,0,0,q+ee+vel
mppi,MPPI,237,front_right_mid,over_left,0.03,0.05,0.2,0.0379189504502,0.0181900727642,0.194420397264,14,0,1,0,1,1,0,1,1,q+col
mppi,MPPI,238,front_right_mid,over_right,0.03,0.05,0.2,0.105708020751,0.0537169569196,0.453610204831,24,0,0,0,0,1,0,0,0,q+ee+vel+col
mppi,MPPI,239,front_right_mid,front_left_mid,0.03,0.05,0.2,0.070246577124,0.0284685298024,0.211003171296,0,0,0,1,1,1,0,1,0,q+vel
logmppi,Log-MPPI,0,home_mid,detour_high,0.03,0.05,0.2,0.0374579192833,0.00945884062751,0.160462510722,0,0,1,1,1,1,0,1,1,q
logmppi,Log-MPPI,1,home_mid,goal_right,0.03,0.05,0.2,0.0500203433005,0.0230981223022,0.266080286312,0,0,0,1,1,1,0,1,0,q+vel
logmppi,Log-MPPI,2,home_mid,pre_pick,0.03,0.05,0.2,0.0286874411524,0.0112247604534,0.197546839305,10,1,1,0,1,1,1,1,1,col
logmppi,Log-MPPI,3,home_mid,pick_low,0.03,0.05,0.2,0.0752229909482,0.0267948575521,0.367361259391,0,0,0,1,1,1,0,1,0,q+vel
logmppi,Log-MPPI,4,home_mid,transfer_high,0.03,0.05,0.2,0.164090133193,0.122597056604,0.351509330074,33,0,0,0,0,0,0,0,0,q+ee+vel+col
logmppi,Log-MPPI,5,home_mid,pre_place,0.03,0.05,0.2,0.136680520507,0.0949307491344,0.325489002369,0,0,0,1,0,0,0,0,0,q+ee+vel
logmppi,Log-MPPI,6,home_mid,place_low,0.03,0.05,0.2,0.257721349228,0.149025035418,0.24713490507,0,0,0,1,0,0,0,0,0,q+ee+vel
logmppi,Log-MPPI,7,home_mid,left_high,0.03,0.05,0.2,0.0357935871206,0.0125882547461,0.162980297825,4,0,1,0,1,1,0,1,1,q+col
logmppi,Log-MPPI,8,home_mid,left_low,0.03,0.05,0.2,0.062620912885,0.0214200986555,0.130246518458,0,0,1,1,1,1,0,1,1,q
logmppi,Log-MPPI,9,home_mid,right_high,0.03,0.05,0.2,0.0785714759422,0.0575162354549,0.264426393837,0,0,0,1,0,1,0,0,0,q+ee+vel
logmppi,Log-MPPI,10,home_mid,right_low,0.03,0.05,0.2,0.186640613685,0.10527533133,0.372603561565,0,0,0,1,0,0,0,0,0,q+ee+vel
logmppi,Log-MPPI,11,home_mid,over_left,0.03,0.05,0.2,0.150893900275,0.0768941109638,0.215117315863,21,0,0,0,0,0,0,0,0,q+ee+vel+col
logmppi,Log-MPPI,12,home_mid,over_right,0.03,0.05,0.2,0.146422280131,0.101454790424,0.414935649507,44,0,0,0,0,0,0,0,0,q+ee+vel+col
logmppi,Log-MPPI,13,home_mid,front_left_mid,0.03,0.05,0.2,0.0755199350634,0.0436875634279,0.239929961029,0,0,0,1,1,1,0,1,0,q+vel
logmppi,Log-MPPI,14,home_mid,front_right_mid,0.03,0.05,0.2,0.308217632988,0.208496271087,0.354443176296,0,0,0,1,0,0,0,0,0,q+ee+vel
logmppi,Log-MPPI,15,detour_high,home_mid,0.03,0.05,0.2,2.27563205975,0.440063828232,3.10310854415,109,0,0,0,0,0,0,0,0,q+ee+vel+col
logmppi,Log-MPPI,16,detour_high,goal_right,0.03,0.05,0.2,0.0633904441518,0.038668824304,0.188716187666,0,0,1,1,1,1,0,1,1,q
logmppi,Log-MPPI,17,detour_high,pre_pick,0.03,0.05,0.2,0.0357191544204,0.00819456829438,0.263668138841,0,0,0,1,1,1,0,1,0,q+vel
logmppi,Log-MPPI,18,detour_high,pick_low,0.03,0.05,0.2,0.0480949345432,0.022544614425,0.200253759376,0,0,0,1,1,1,0,1,0,q+vel
logmppi,Log-MPPI,19,detour_high,transfer_high,0.03,0.05,0.2,0.0245307595522,0.0156409252865,0.185899175152,21,1,1,0,1,1,1,1,1,col
logmppi,Log-MPPI,20,detour_high,pre_place,0.03,0.05,0.2,0.0715297504258,0.0451401154038,0.443202862155,13,0,0,0,1,1,0,1,0,q+vel+col
logmppi,Log-MPPI,21,detour_high,place_low,0.03,0.05,0.2,0.0476617197303,0.0245792838291,0.291871295882,0,0,0,1,1,1,0,1,0,q+vel
logmppi,Log-MPPI,22,detour_high,left_high,0.03,0.05,0.2,0.0176539709165,0.00392864684729,0.147502466507,0,1,1,1,1,1,1,1,1,ok
logmppi,Log-MPPI,23,detour_high,left_low,0.03,0.05,0.2,0.0283965567758,0.00886262101474,0.178225143293,0,1,1,1,1,1,1,1,1,ok
logmppi,Log-MPPI,24,detour_high,right_high,0.03,0.05,0.2,0.164098939097,0.122398967803,0.253690305001,12,0,0,0,0,0,0,0,0,q+ee+vel+col
logmppi,Log-MPPI,25,detour_high,right_low,0.03,0.05,0.2,0.0179311259586,0.00807248383058,0.113207504865,0,1,1,1,1,1,1,1,1,ok
logmppi,Log-MPPI,26,detour_high,over_left,0.03,0.05,0.2,0.0242707825756,0.00350095781856,0.185232284137,14,1,1,0,1,1,1,1,1,col
logmppi,Log-MPPI,27,detour_high,over_right,0.03,0.05,0.2,0.0873315766201,0.0313492708116,0.205767860514,46,0,0,0,1,1,0,1,0,q+vel+col
logmppi,Log-MPPI,28,detour_high,front_left_mid,0.03,0.05,0.2,0.028767176844,0.0105522396284,0.155913988896,0,1,1,1,1,1,1,1,1,ok
logmppi,Log-MPPI,29,detour_high,front_right_mid,0.03,0.05,0.2,0.0261193699299,0.00765618384189,0.18221175391,0,1,1,1,1,1,1,1,1,ok
logmppi,Log-MPPI,30,goal_right,home_mid,0.03,0.05,0.2,0.0296029793196,0.00949603648919,0.19617437336,0,1,1,1,1,1,1,1,1,ok
logmppi,Log-MPPI,31,goal_right,detour_high,0.03,0.05,0.2,0.0370025538754,0.0159907153781,0.210453682211,0,0,0,1,1,1,0,1,0,q+vel
logmppi,Log-MPPI,32,goal_right,pre_pick,0.03,0.05,0.2,0.0295047799286,0.00900438179558,0.119697716319,0,1,1,1,1,1,1,1,1,ok
logmppi,Log-MPPI,33,goal_right,pick_low,0.03,0.05,0.2,0.0276688622118,0.0121850357747,0.18091436013,0,1,1,1,1,1,1,1,1,ok
logmppi,Log-MPPI,34,goal_right,transfer_high,0.03,0.05,0.2,0.0284487855829,0.0113177198984,0.172865068409,0,1,1,1,1,1,1,1,1,ok
logmppi,Log-MPPI,35,goal_right,pre_place,0.03,0.05,0.2,0.0807936355024,0.042803381713,0.300340436383,57,0,0,0,1,1,0,1,0,q+vel+col
logmppi,Log-MPPI,36,goal_right,place_low,0.03,0.05,0.2,0.104095198553,0.0489183991343,0.25084432792,10,0,0,0,1,1,0,1,0,q+vel+col
logmppi,Log-MPPI,37,goal_right,left_high,0.03,0.05,0.2,0.0254911388169,0.0073418646929,0.195950260844,0,1,1,1,1,1,1,1,1,ok
logmppi,Log-MPPI,38,goal_right,left_low,0.03,0.05,0.2,0.0297069314289,0.00741760406217,0.136575835167,0,1,1,1,1,1,1,1,1,ok
logmppi,Log-MPPI,39,goal_right,right_high,0.03,0.05,0.2,0.0822084044361,0.0414241615938,0.239919049858,49,0,0,0,1,1,0,1,0,q+vel+col
logmppi,Log-MPPI,40,goal_right,right_low,0.03,0.05,0.2,0.169829141189,0.096433025714,0.399969417181,16,0,0,0,0,0,0,0,0,q+ee+vel+col
logmppi,Log-MPPI,41,goal_right,over_left,0.03,0.05,0.2,0.0247230617172,0.00849268436598,0.165256260007,0,1,1,1,1,1,1,1,1,ok
logmppi,Log-MPPI,42,goal_right,over_right,0.03,0.05,0.2,0.0460042762724,0.0062952810537,0.178377571167,48,0,1,0,1,1,0,1,1,q+col
logmppi,Log-MPPI,43,goal_right,front_left_mid,0.03,0.05,0.2,0.0683794553367,0.0186766307987,0.468126060691,0,0,0,1,1,1,0,1,0,q+vel
logmppi,Log-MPPI,44,goal_right,front_right_mid,0.03,0.05,0.2,0.0276546000513,0.0069262945806,0.124789971222,0,1,1,1,1,1,1,1,1,ok
logmppi,Log-MPPI,45,pre_pick,home_mid,0.03,0.05,0.2,0.216998368396,0.157238059934,0.281109599707,0,0,0,1,0,0,0,0,0,q+ee+vel
logmppi,Log-MPPI,46,pre_pick,detour_high,0.03,0.05,0.2,0.0546427189991,0.0365034904714,0.271720054172,0,0,0,1,1,1,0,1,0,q+vel
logmppi,Log-MPPI,47,pre_pick,goal_right,0.03,0.05,0.2,0.0228009841892,0.00611442578985,0.168107507934,0,1,1,1,1,1,1,1,1,ok
logmppi,Log-MPPI,48,pre_pick,pick_low,0.03,0.05,0.2,0.521094385581,0.285916794583,0.994510586136,0,0,0,1,0,0,0,0,0,q+ee+vel
logmppi,Log-MPPI,49,pre_pick,transfer_high,0.03,0.05,0.2,0.0786424522325,0.0424896028606,0.233372989328,0,0,0,1,1,1,0,1,0,q+vel
logmppi,Log-MPPI,50,pre_pick,pre_place,0.03,0.05,0.2,0.0285071769685,0.0154567636744,0.162364321959,0,1,1,1,1,1,1,1,1,ok
logmppi,Log-MPPI,51,pre_pick,place_low,0.03,0.05,0.2,0.037928024295,0.00718658838762,0.261036637769,0,0,0,1,1,1,0,1,0,q+vel
logmppi,Log-MPPI,52,pre_pick,left_high,0.03,0.05,0.2,0.21403447318,0.128922788296,0.24574827273,21,0,0,0,0,0,0,0,0,q+ee+vel+col
logmppi,Log-MPPI,53,pre_pick,left_low,0.03,0.05,0.2,0.178600567189,0.0980923918844,0.292537877661,1,0,0,0,0,0,0,0,0,q+ee+vel+col
logmppi,Log-MPPI,54,pre_pick,right_high,0.03,0.05,0.2,0.0250991781287,0.00804287920865,0.185684041046,0,1,1,1,1,1,1,1,1,ok
logmppi,Log-MPPI,55,pre_pick,right_low,0.03,0.05,0.2,0.0238159356438,0.00567533822994,0.17287155092,0,1,1,1,1,1,1,1,1,ok
logmppi,Log-MPPI,56,pre_pick,over_left,0.03,0.05,0.2,0.16320587521,0.0978882355072,0.222710283128,46,0,0,0,0,0,0,0,0,q+ee+vel+col
logmppi,Log-MPPI,57,pre_pick,over_right,0.03,0.05,0.2,0.0553028860705,0.0347546814939,0.290214505445,0,0,0,1,1,1,0,1,0,q+vel
logmppi,Log-MPPI,58,pre_pick,front_left_mid,0.03,0.05,0.2,0.385983492814,0.257985600259,0.353167138357,13,0,0,0,0,0,0,0,0,q+ee+vel+col
logmppi,Log-MPPI,59,pre_pick,front_right_mid,0.03,0.05,0.2,0.134963785296,0.0860751416741,0.320070692283,0,0,0,1,0,0,0,0,0,q+ee+vel
logmppi,Log-MPPI,60,pick_low,home_mid,0.03,0.05,0.2,0.0754640730879,0.0425546215826,0.209125335081,0,0,0,1,1,1,0,1,0,q+vel
logmppi,Log-MPPI,61,pick_low,detour_high,0.03,0.05,0.2,0.0295584728257,0.0240135248617,0.113739104588,0,1,1,1,1,1,1,1,1,ok
logmppi,Log-MPPI,62,pick_low,goal_right,0.03,0.05,0.2,0.0380734293769,0.0090212925125,0.214516016397,0,0,0,1,1,1,0,1,0,q+vel
logmppi,Log-MPPI,63,pick_low,pre_pick,0.03,0.05,0.2,0.129055615089,0.0878946274024,0.145050520617,26,0,0,0,0,0,0,0,1,q+ee+col
logmppi,Log-MPPI,64,pick_low,transfer_high,0.03,0.05,0.2,0.0422983268464,0.0201617431838,0.191009742366,0,0,1,1,1,1,0,1,1,q
logmppi,Log-MPPI,65,pick_low,pre_place,0.03,0.05,0.2,0.0519655594134,0.00429384378142,0.157629788485,0,0,1,1,1,1,0,1,1,q
logmppi,Log-MPPI,66,pick_low,place_low,0.03,0.05,0.2,0.0292981424735,0.0054610884035,0.110039550937,0,1,1,1,1,1,1,1,1,ok
logmppi,Log-MPPI,67,pick_low,left_high,0.03,0.05,0.2,0.0832312767302,0.0303878164408,0.182056443096,25,0,1,0,1,1,0,1,1,q+col
logmppi,Log-MPPI,68,pick_low,left_low,0.03,0.05,0.2,0.19942665829,0.113695948538,0.381599996731,18,0,0,0,0,0,0,0,0,q+ee+vel+col
logmppi,Log-MPPI,69,pick_low,right_high,0.03,0.05,0.2,0.0293313381381,0.0115426389673,0.199960045498,0,1,1,1,1,1,1,1,1,ok
logmppi,Log-MPPI,70,pick_low,right_low,0.03,0.05,0.2,0.0356328258817,0.0217325052667,0.232094503861,0,0,0,1,1,1,0,1,0,q+vel
logmppi,Log-MPPI,71,pick_low,over_left,0.03,0.05,0.2,0.0192548099978,0.0111873851612,0.158707369028,0,1,1,1,1,1,1,1,1,ok
logmppi,Log-MPPI,72,pick_low,over_right,0.03,0.05,0.2,0.0129347443435,0.00652776458179,0.106134899275,0,1,1,1,1,1,1,1,1,ok
logmppi,Log-MPPI,73,pick_low,front_left_mid,0.03,0.05,0.2,0.247135683285,0.153853464222,0.407211519823,25,0,0,0,0,0,0,0,0,q+ee+vel+col
logmppi,Log-MPPI,74,pick_low,front_right_mid,0.03,0.05,0.2,0.0690071283273,0.040350779939,0.396000387462,0,0,0,1,1,1,0,1,0,q+vel
logmppi,Log-MPPI,75,transfer_high,home_mid,0.03,0.05,0.2,0.271626188141,0.179589319246,0.3558074265,9,0,0,0,0,0,0,0,0,q+ee+vel+col
logmppi,Log-MPPI,76,transfer_high,detour_high,0.03,0.05,0.2,0.0904307697598,0.0791313952671,0.395287501073,0,0,0,1,0,0,0,0,0,q+ee+vel
logmppi,Log-MPPI,77,transfer_high,goal_right,0.03,0.05,0.2,0.133793211967,0.0926996944046,0.344599198688,0,0,0,1,0,0,0,0,0,q+ee+vel
logmppi,Log-MPPI,78,transfer_high,pre_pick,0.03,0.05,0.2,0.0488313379601,0.014247978474,0.22388711991,0,0,0,1,1,1,0,1,0,q+vel
logmppi,Log-MPPI,79,transfer_high,pick_low,0.03,0.05,0.2,1.06192562038,0.557742891346,0.485363786097,0,0,0,1,0,0,0,0,0,q+ee+vel
logmppi,Log-MPPI,80,transfer_high,pre_place,0.03,0.05,0.2,0.27451418586,0.208335287622,0.331411468862,0,0,0,1,0,0,0,0,0,q+ee+vel
logmppi,Log-MPPI,81,transfer_high,place_low,0.03,0.05,0.2,0.338288248362,0.188203767309,0.400953674132,0,0,0,1,0,0,0,0,0,q+ee+vel
logmppi,Log-MPPI,82,transfer_high,left_high,0.03,0.05,0.2,0.0297159684012,0.00787314939813,0.180008626127,0,1,1,1,1,1,1,1,1,ok
logmppi,Log-MPPI,83,transfer_high,left_low,0.03,0.05,0.2,0.0365307468625,0.0146791899422,0.19925291644,0,0,1,1,1,1,0,1,1,q
logmppi,Log-MPPI,84,transfer_high,right_high,0.03,0.05,0.2,0.217691401456,0.154084785259,0.256827383402,0,0,0,1,0,0,0,0,0,q+ee+vel
logmppi,Log-MPPI,85,transfer_high,right_low,0.03,0.05,0.2,0.25972913791,0.14427005713,0.23861462099,0,0,0,1,0,0,0,0,0,q+ee+vel
logmppi,Log-MPPI,86,transfer_high,over_left,0.03,0.05,0.2,0.165643977403,0.0779045191246,0.336756511925,18,0,0,0,0,0,0,0,0,q+ee+vel+col
logmppi,Log-MPPI,87,transfer_high,over_right,0.03,0.05,0.2,0.504493729009,0.328576496887,0.488773792285,61,0,0,0,0,0,0,0,0,q+ee+vel+col
logmppi,Log-MPPI,88,transfer_high,front_left_mid,0.03,0.05,0.2,0.0439292455178,0.00969799890832,0.28869904309,0,0,0,1,1,1,0,1,0,q+vel
logmppi,Log-MPPI,89,transfer_high,front_right_mid,0.03,0.05,0.2,0.467618796758,0.298478408789,0.405347274589,0,0,0,1,0,0,0,0,0,q+ee+vel
logmppi,Log-MPPI,90,pre_place,home_mid,0.03,0.05,0.2,0.0560085118979,0.0221119415577,0.182443709326,0,0,1,1,1,1,0,1,1,q
logmppi,Log-MPPI,91,pre_place,detour_high,0.03,0.05,0.2,0.0670685314378,0.0424961254004,0.171227234675,0,0,1,1,1,1,0,1,1,q
logmppi,Log-MPPI,92,pre_place,goal_right,0.03,0.05,0.2,0.319529952823,0.243676987494,0.421077997593,0,0,0,1,0,0,0,0,0,q+ee+vel
logmppi,Log-MPPI,93,pre_place,pre_pick,0.03,0.05,0.2,0.0691660141162,0.0246827903514,0.160829335129,0,0,1,1,1,1,0,1,1,q
logmppi,Log-MPPI,94,pre_place,pick_low,0.03,0.05,0.2,0.0291020653631,0.0118422804567,0.187480157688,0,1,1,1,1,1,1,1,1,ok
logmppi,Log-MPPI,95,pre_place,transfer_high,0.03,0.05,0.2,0.0267035957231,0.0104650070875,0.139449663641,19,1,1,0,1,1,1,1,1,col
logmppi,Log-MPPI,96,pre_place,place_low,0.03,0.05,0.2,0.199125116501,0.0998265631852,0.388833710117,0,0,0,1,0,0,0,0,0,q+ee+vel
logmppi,Log-MPPI,97,pre_place,left_high,0.03,0.05,0.2,0.0297744743453,0.00882755609261,0.197496130315,0,1,1,1,1,1,1,1,1,ok
logmppi,Log-MPPI,98,pre_place,left_low,0.03,0.05,0.2,0.0579374230405,0.0296099591618,0.17001014259,0,0,1,1,1,1,0,1,1,q
logmppi,Log-MPPI,99,pre_place,right_high,0.03,0.05,0.2,0.389900712853,0.250022029137,0.377751932158,26,0,0,0,0,0,0,0,0,q+ee+vel+col
logmppi,Log-MPPI,100,pre_place,right_low,0.03,0.05,0.2,0.332665402481,0.180100960827,0.380679257841,0,0,0,1,0,0,0,0,0,q+ee+vel
logmppi,Log-MPPI,101,pre_place,over_left,0.03,0.05,0.2,0.0451831154869,0.0182074475941,0.248975934529,0,0,0,1,1,1,0,1,0,q+vel
logmppi,Log-MPPI,102,pre_place,over_right,0.03,0.05,0.2,0.108779047652,0.050275318636,0.350992598116,48,0,0,0,0,1,0,0,0,q+ee+vel+col
logmppi,Log-MPPI,103,pre_place,front_left_mid,0.03,0.05,0.2,0.0280143662095,0.00583193735239,0.17081220253,0,1,1,1,1,1,1,1,1,ok
logmppi,Log-MPPI,104,pre_place,front_right_mid,0.03,0.05,0.2,0.103346080021,0.0665432816077,0.234895332541,0,0,0,1,0,1,0,0,0,q+ee+vel
logmppi,Log-MPPI,105,place_low,home_mid,0.03,0.05,0.2,0.0197812023124,0.00578064675955,0.174652703332,11,1,1,0,1,1,1,1,1,col
logmppi,Log-MPPI,106,place_low,detour_high,0.03,0.05,0.2,0.0263562709259,0.00719867910575,0.170359310357,0,1,1,1,1,1,1,1,1,ok
logmppi,Log-MPPI,107,place_low,goal_right,0.03,0.05,0.2,0.164901579762,0.119066796286,0.128191468093,0,0,0,1,0,0,0,0,1,q+ee
logmppi,Log-MPPI,108,place_low,pre_pick,0.03,0.05,0.2,0.0726114344142,0.0249706453503,0.199688965055,0,0,1,1,1,1,0,1,1,q
logmppi,Log-MPPI,109,place_low,pick_low,0.03,0.05,0.2,0.0562375691017,0.0250597099268,0.188449546293,0,0,1,1,1,1,0,1,1,q
logmppi,Log-MPPI,110,place_low,transfer_high,0.03,0.05,0.2,0.0434599974436,0.011103922733,0.0607491224123,19,0,1,0,1,1,0,1,1,q+col
logmppi,Log-MPPI,111,place_low,pre_place,0.03,0.05,0.2,0.0892318087945,0.0471184735821,0.237068824928,80,0,0,0,1,1,0,1,0,q+vel+col
logmppi,Log-MPPI,112,place_low,left_high,0.03,0.05,0.2,0.0480317767945,0.015812050165,0.214627760964,0,0,0,1,1,1,0,1,0,q+vel
logmppi,Log-MPPI,113,place_low,left_low,0.03,0.05,0.2,0.0292498098701,0.0132168610471,0.165597813968,0,1,1,1,1,1,1,1,1,ok
logmppi,Log-MPPI,114,place_low,right_high,0.03,0.05,0.2,0.0812246368536,0.0306330528307,0.296899483312,0,0,0,1,1,1,0,1,0,q+vel
logmppi,Log-MPPI,115,place_low,right_low,0.03,0.05,0.2,0.27185629718,0.174453259279,0.380040473731,22,0,0,0,0,0,0,0,0,q+ee+vel+col
logmppi,Log-MPPI,116,place_low,over_left,0.03,0.05,0.2,0.0267658731806,0.00535601129584,0.1950216337,13,1,1,0,1,1,1,1,1,col
logmppi,Log-MPPI,117,place_low,over_right,0.03,0.05,0.2,0.0356864282489,0.00925264323929,0.306961936242,44,0,0,0,1,1,0,1,0,q+vel+col
logmppi,Log-MPPI,118,place_low,front_left_mid,0.03,0.05,0.2,0.0262589948522,0.0064235486064,0.139611827907,0,1,1,1,1,1,1,1,1,ok
logmppi,Log-MPPI,119,place_low,front_right_mid,0.03,0.05,0.2,0.0961080291327,0.0470814620992,0.351893910097,25,0,0,0,1,1,0,1,0,q+vel+col
logmppi,Log-MPPI,120,left_high,home_mid,0.03,0.05,0.2,0.188458175325,0.111776927432,0.52131357967,0,0,0,1,0,0,0,0,0,q+ee+vel
logmppi,Log-MPPI,121,left_high,detour_high,0.03,0.05,0.2,0.0503287998261,0.00984876813191,0.248535571083,0,0,0,1,1,1,0,1,0,q+vel
logmppi,Log-MPPI,122,left_high,goal_right,0.03,0.05,0.2,0.101304003605,0.0671171390053,0.32168521421,0,0,0,1,0,1,0,0,0,q+ee+vel
logmppi,Log-MPPI,123,left_high,pre_pick,0.03,0.05,0.2,0.307019522756,0.205071504621,0.427520008777,29,0,0,0,0,0,0,0,0,q+ee+vel+col
logmppi,Log-MPPI,124,left_high,pick_low,0.03,0.05,0.2,0.48803204809,0.279359929974,0.292106547959,0,0,0,1,0,0,0,0,0,q+ee+vel
logmppi,Log-MPPI,125,left_high,transfer_high,0.03,0.05,0.2,0.119364361782,0.0824392346119,0.215720321157,0,0,0,1,0,0,0,0,0,q+ee+vel
logmppi,Log-MPPI,126,left_high,pre_place,0.03,0.05,0.2,0.0484311474846,0.0111805288479,0.275323444392,0,0,0,1,1,1,0,1,0,q+vel
logmppi,Log-MPPI,127,left_high,place_low,0.03,0.05,0.2,0.0484784625892,0.016483650981,0.265582649286,0,0,0,1,1,1,0,1,0,q+vel
logmppi,Log-MPPI,128,left_high,left_low,0.03,0.05,0.2,0.238141544869,0.13341224448,0.252448855455,0,0,0,1,0,0,0,0,0,q+ee+vel
logmppi,Log-MPPI,129,left_high,right_high,0.03,0.05,0.2,0.0289716709098,0.00708592811073,0.175753106967,0,1,1,1,1,1,1,1,1,ok
logmppi,Log-MPPI,130,left_high,right_low,0.03,0.05,0.2,0.022217282212,0.00770203992084,0.269366192189,0,0,0,1,1,1,1,1,0,vel
logmppi,Log-MPPI,131,left_high,over_left,0.03,0.05,0.2,0.173874622637,0.0984536767695,0.322727300628,32,0,0,0,0,0,0,0,0,q+ee+vel+col
logmppi,Log-MPPI,132,left_high,over_right,0.03,0.05,0.2,0.0738063779533,0.0421130372439,0.415531344753,0,0,0,1,1,1,0,1,0,q+vel
logmppi,Log-MPPI,133,left_high,front_left_mid,0.03,0.05,0.2,0.386498616161,0.25123907693,0.360977954378,0,0,0,1,0,0,0,0,0,q+ee+vel
logmppi,Log-MPPI,134,left_high,front_right_mid,0.03,0.05,0.2,0.101526590135,0.0620825402924,0.219413993664,0,0,0,1,0,1,0,0,0,q+ee+vel
logmppi,Log-MPPI,135,left_low,home_mid,0.03,0.05,0.2,0.0289103330371,0.00702190815285,0.271431681875,0,0,0,1,1,1,1,1,0,vel
logmppi,Log-MPPI,136,left_low,detour_high,0.03,0.05,0.2,0.0294026715376,0.0120394241083,0.196589263383,0,1,1,1,1,1,1,1,1,ok
logmppi,Log-MPPI,137,left_low,goal_right,0.03,0.05,0.2,0.028414890948,0.0202393226573,0.127570824741,0,1,1,1,1,1,1,1,1,ok
logmppi,Log-MPPI,138,left_low,pre_pick,0.03,0.05,0.2,0.150102589171,0.110746935246,0.345964544174,34,0,0,0,0,0,0,0,0,q+ee+vel+col
logmppi,Log-MPPI,139,left_low,pick_low,0.03,0.05,0.2,0.381417167556,0.231940113745,0.382029671965,16,0,0,0,0,0,0,0,0,q+ee+vel+col
logmppi,Log-MPPI,140,left_low,transfer_high,0.03,0.05,0.2,0.0574757775892,0.0163038759262,0.157103134632,0,0,1,1,1,1,0,1,1,q
logmppi,Log-MPPI,141,left_low,pre_place,0.03,0.05,0.2,0.0290694842136,0.00808159468027,0.158280263657,0,1,1,1,1,1,1,1,1,ok
logmppi,Log-MPPI,142,left_low,place_low,0.03,0.05,0.2,0.0587940606813,0.0139250842512,0.204745672945,0,0,0,1,1,1,0,1,0,q+vel
logmppi,Log-MPPI,143,left_low,left_high,0.03,0.05,0.2,0.0977178007723,0.0710821172792,0.24861987378,32,0,0,0,0,0,0,0,0,q+ee+vel+col
logmppi,Log-MPPI,144,left_low,right_high,0.03,0.05,0.2,0.0293867508786,0.0161627031467,0.167529177398,0,1,1,1,1,1,1,1,1,ok
logmppi,Log-MPPI,145,left_low,right_low,0.03,0.05,0.2,0.0266442144751,0.0135536897759,0.281653245273,0,0,0,1,1,1,1,1,0,vel
logmppi,Log-MPPI,146,left_low,over_left,0.03,0.05,0.2,0.0243942776305,0.00949812308424,0.199814511427,0,1,1,1,1,1,1,1,1,ok
logmppi,Log-MPPI,147,left_low,over_right,0.03,0.05,0.2,0.0447240307019,0.0191772389628,0.161359885578,0,0,1,1,1,1,0,1,1,q
logmppi,Log-MPPI,148,left_low,front_left_mid,0.03,0.05,0.2,0.226377121216,0.149036104954,0.476485686614,0,0,0,1,0,0,0,0,0,q+ee+vel
logmppi,Log-MPPI,149,left_low,front_right_mid,0.03,0.05,0.2,0.0209231412904,0.00446750084446,0.157357813789,0,1,1,1,1,1,1,1,1,ok
logmppi,Log-MPPI,150,right_high,home_mid,0.03,0.05,0.2,0.0278715728524,0.0169904621657,0.14915922913,0,1,1,1,1,1,1,1,1,ok
logmppi,Log-MPPI,151,right_high,detour_high,0.03,0.05,0.2,0.104712227658,0.0839627128448,0.344832664241,7,0,0,0,0,0,0,0,0,q+ee+vel+col
logmppi,Log-MPPI,152,right_high,goal_right,0.03,0.05,0.2,0.26963563639,0.206079483368,0.291569799319,0,0,0,1,0,0,0,0,0,q+ee+vel
logmppi,Log-MPPI,153,right_high,pre_pick,0.03,0.05,0.2,0.0299564422642,0.00677685525097,0.17652928475,0,1,1,1,1,1,1,1,1,ok
logmppi,Log-MPPI,154,right_high,pick_low,0.03,0.05,0.2,0.0294515427475,0.0113962925836,0.19868591877,0,1,1,1,1,1,1,1,1,ok
logmppi,Log-MPPI,155,right_high,transfer_high,0.03,0.05,0.2,0.0285291717744,0.013641368023,0.130376357301,13,1,1,0,1,1,1,1,1,col
logmppi,Log-MPPI,156,right_high,pre_place,0.03,0.05,0.2,0.209958984634,0.136920187408,0.190148066563,46,0,0,0,0,0,0,0,1,q+ee+col
logmppi,Log-MPPI,157,right_high,place_low,0.03,0.05,0.2,0.120527820516,0.0449662017708,0.137170094126,0,0,1,1,1,1,0,1,1,q
logmppi,Log-MPPI,158,right_high,left_high,0.03,0.05,0.2,0.0554308797314,0.0292008517585,0.293369900539,0,0,0,1,1,1,0,1,0,q+vel
logmppi,Log-MPPI,159,right_high,left_low,0.03,0.05,0.2,0.0378638219314,0.0199791641474,0.263023303987,0,0,0,1,1,1,0,1,0,q+vel
logmppi,Log-MPPI,160,right_high,right_low,0.03,0.05,0.2,0.202301660954,0.11717298544,0.242904219594,0,0,0,1,0,0,0,0,0,q+ee+vel
logmppi,Log-MPPI,161,right_high,over_left,0.03,0.05,0.2,0.0599309765076,0.010041693816,0.307950539104,0,0,0,1,1,1,0,1,0,q+vel
logmppi,Log-MPPI,162,right_high,over_right,0.03,0.05,0.2,0.0832057079889,0.0424434531337,0.319755124805,18,0,0,0,1,1,0,1,0,q+vel+col
logmppi,Log-MPPI,163,right_high,front_left_mid,0.03,0.05,0.2,0.0298631318653,0.0173029415652,0.142304726445,0,1,1,1,1,1,1,1,1,ok
logmppi,Log-MPPI,164,right_high,front_right_mid,0.03,0.05,0.2,0.0257563728354,0.0103826442418,0.124607050432,0,1,1,1,1,1,1,1,1,ok
logmppi,Log-MPPI,165,right_low,home_mid,0.03,0.05,0.2,0.0368871699318,0.00936384275485,0.199446718833,0,0,1,1,1,1,0,1,1,q
logmppi,Log-MPPI,166,right_low,detour_high,0.03,0.05,0.2,0.0281445392669,0.0120500785267,0.192689805204,0,1,1,1,1,1,1,1,1,ok
logmppi,Log-MPPI,167,right_low,goal_right,0.03,0.05,0.2,0.239725348694,0.189933443039,0.259298766777,38,0,0,0,0,0,0,0,0,q+ee+vel+col
logmppi,Log-MPPI,168,right_low,pre_pick,0.03,0.05,0.2,0.0275526939687,0.00923366978051,0.129707978794,0,1,1,1,1,1,1,1,1,ok
logmppi,Log-MPPI,169,right_low,pick_low,0.03,0.05,0.2,0.0199235904186,0.00786751454436,0.198172657178,0,1,1,1,1,1,1,1,1,ok
logmppi,Log-MPPI,170,right_low,transfer_high,0.03,0.05,0.2,0.0676832783936,0.0294420951225,0.257313853241,9,0,0,0,1,1,0,1,0,q+vel+col
logmppi,Log-MPPI,171,right_low,pre_place,0.03,0.05,0.2,0.116601075857,0.074929631888,0.324443482019,48,0,0,0,0,0,0,0,0,q+ee+vel+col
logmppi,Log-MPPI,172,right_low,place_low,0.03,0.05,0.2,0.240642178005,0.142081517688,0.341460382282,22,0,0,0,0,0,0,0,0,q+ee+vel+col
logmppi,Log-MPPI,173,right_low,left_high,0.03,0.05,0.2,0.0126929993728,0.00179851374625,0.186246309695,0,1,1,1,1,1,1,1,1,ok
logmppi,Log-MPPI,174,right_low,left_low,0.03,0.05,0.2,0.0496943416944,0.00852396876309,0.32383560175,0,0,0,1,1,1,0,1,0,q+vel
logmppi,Log-MPPI,175,right_low,right_high,0.03,0.05,0.2,0.104134932289,0.0607588222602,0.288198127482,73,0,0,0,0,1,0,0,0,q+ee+vel+col
logmppi,Log-MPPI,176,right_low,over_left,0.03,0.05,0.2,0.0228567448995,0.00916949482451,0.156087908461,0,1,1,1,1,1,1,1,1,ok
logmppi,Log-MPPI,177,right_low,over_right,0.03,0.05,0.2,0.0330535064279,0.0159719374481,0.254437475042,30,0,0,0,1,1,0,1,0,q+vel+col
logmppi,Log-MPPI,178,right_low,front_left_mid,0.03,0.05,0.2,0.0293134980459,0.0110393998015,0.166513607975,0,1,1,1,1,1,1,1,1,ok
logmppi,Log-MPPI,179,right_low,front_right_mid,0.03,0.05,0.2,0.0185243782497,0.0108715846497,0.15481648387,13,1,1,0,1,1,1,1,1,col
logmppi,Log-MPPI,180,over_left,home_mid,0.03,0.05,0.2,0.379669064935,0.270847631891,0.477246636975,0,0,0,1,0,0,0,0,0,q+ee+vel
logmppi,Log-MPPI,181,over_left,detour_high,0.03,0.05,0.2,0.147627939735,0.121794732216,0.202345892181,0,0,0,1,0,0,0,0,0,q+ee+vel
logmppi,Log-MPPI,182,over_left,goal_right,0.03,0.05,0.2,0.137301459165,0.076113830252,0.3686196928,0,0,0,1,0,0,0,0,0,q+ee+vel
logmppi,Log-MPPI,183,over_left,pre_pick,0.03,0.05,0.2,0.172068775769,0.109247789301,0.427987610232,0,0,0,1,0,0,0,0,0,q+ee+vel
logmppi,Log-MPPI,184,over_left,pick_low,0.03,0.05,0.2,0.833683363788,0.456195617467,0.370203178553,0,0,0,1,0,0,0,0,0,q+ee+vel
logmppi,Log-MPPI,185,over_left,transfer_high,0.03,0.05,0.2,2.70491766282,0.754880039325,1.67202847106,162,0,0,0,0,0,0,0,0,q+ee+vel+col
logmppi,Log-MPPI,186,over_left,pre_place,0.03,0.05,0.2,0.239839837792,0.124240291624,0.385220034152,0,0,0,1,0,0,0,0,0,q+ee+vel
logmppi,Log-MPPI,187,over_left,place_low,0.03,0.05,0.2,0.249274823828,0.131931772071,0.291580381808,0,0,0,1,0,0,0,0,0,q+ee+vel
logmppi,Log-MPPI,188,over_left,left_high,0.03,0.05,0.2,0.10972493665,0.0606821211245,0.178783827639,0,0,0,1,0,1,0,0,1,q+ee
logmppi,Log-MPPI,189,over_left,left_low,0.03,0.05,0.2,0.0432182493588,0.0134211208528,0.32113463078,0,0,0,1,1,1,0,1,0,q+vel
logmppi,Log-MPPI,190,over_left,right_high,0.03,0.05,0.2,0.161700188435,0.091679893689,0.342203196119,0,0,0,1,0,0,0,0,0,q+ee+vel
logmppi,Log-MPPI,191,over_left,right_low,0.03,0.05,0.2,0.189410143857,0.101291385825,0.253620654919,0,0,0,1,0,0,0,0,0,q+ee+vel
logmppi,Log-MPPI,192,over_left,over_right,0.03,0.05,0.2,0.191823862418,0.128282657385,0.319870863687,43,0,0,0,0,0,0,0,0,q+ee+vel+col
logmppi,Log-MPPI,193,over_left,front_left_mid,0.03,0.05,0.2,0.179396180864,0.11293058366,0.347505835648,0,0,0,1,0,0,0,0,0,q+ee+vel
logmppi,Log-MPPI,194,over_left,front_right_mid,0.03,0.05,0.2,0.353035702804,0.222276340481,0.225167361599,0,0,0,1,0,0,0,0,0,q+ee+vel
logmppi,Log-MPPI,195,over_right,home_mid,0.03,0.05,0.2,0.156786509494,0.0981363479304,0.620806645579,0,0,0,1,0,0,0,0,0,q+ee+vel
logmppi,Log-MPPI,196,over_right,detour_high,0.03,0.05,0.2,0.0993150176431,0.0809928430975,0.112214596213,0,0,0,1,0,0,0,0,1,q+ee
logmppi,Log-MPPI,197,over_right,goal_right,0.03,0.05,0.2,0.201241037569,0.139123541266,0.191970143861,0,0,0,1,0,0,0,0,1,q+ee
logmppi,Log-MPPI,198,over_right,pre_pick,0.03,0.05,0.2,0.025786987786,0.0158550047384,0.169841561719,0,1,1,1,1,1,1,1,1,ok
logmppi,Log-MPPI,199,over_right,pick_low,0.03,0.05,0.2,0.0430529402254,0.0139572225936,0.303512943919,0,0,0,1,1,1,0,1,0,q+vel
logmppi,Log-MPPI,200,over_right,transfer_high,0.03,0.05,0.2,0.258234159601,0.15239065766,0.347561514855,22,0,0,0,0,0,0,0,0,q+ee+vel+col
logmppi,Log-MPPI,201,over_right,pre_place,0.03,0.05,0.2,0.327184494653,0.237174557034,0.461832554982,0,0,0,1,0,0,0,0,0,q+ee+vel
logmppi,Log-MPPI,202,over_right,place_low,0.03,0.05,0.2,0.449558044312,0.254254329801,0.206160378976,0,0,0,1,0,0,0,0,0,q+ee+vel
logmppi,Log-MPPI,203,over_right,left_high,0.03,0.05,0.2,0.0247148105429,0.00873217534861,0.192622938584,0,1,1,1,1,1,1,1,1,ok
logmppi,Log-MPPI,204,over_right,left_low,0.03,0.05,0.2,0.0422665684818,0.0228729048598,0.186440105595,0,0,1,1,1,1,0,1,1,q
logmppi,Log-MPPI,205,over_right,right_high,0.03,0.05,0.2,0.283060472878,0.214591142049,0.224771609362,0,0,0,1,0,0,0,0,0,q+ee+vel
logmppi,Log-MPPI,206,over_right,right_low,0.03,0.05,0.2,0.366356134317,0.213541120215,0.273704688328,0,0,0,1,0,0,0,0,0,q+ee+vel
logmppi,Log-MPPI,207,over_right,over_left,0.03,0.05,0.2,0.0832021893152,0.0304816252964,0.322604399657,26,0,0,0,1,1,0,1,0,q+vel+col
logmppi,Log-MPPI,208,over_right,front_left_mid,0.03,0.05,0.2,0.0610832296412,0.0157165863401,0.182848421758,0,0,1,1,1,1,0,1,1,q
logmppi,Log-MPPI,209,over_right,front_right_mid,0.03,0.05,0.2,0.401207801548,0.259722173432,0.917025059872,0,0,0,1,0,0,0,0,0,q+ee+vel
logmppi,Log-MPPI,210,front_left_mid,home_mid,0.03,0.05,0.2,0.148884658006,0.107187245029,0.263877475788,0,0,0,1,0,0,0,0,0,q+ee+vel
logmppi,Log-MPPI,211,front_left_mid,detour_high,0.03,0.05,0.2,0.0298275998155,0.0131146854974,0.156421403973,0,1,1,1,1,1,1,1,1,ok
logmppi,Log-MPPI,212,front_left_mid,goal_right,0.03,0.05,0.2,0.0162494847339,0.00856973269132,0.176590734277,0,1,1,1,1,1,1,1,1,ok
logmppi,Log-MPPI,213,front_left_mid,pre_pick,0.03,0.05,0.2,0.184693369822,0.131559559057,0.463412087228,19,0,0,0,0,0,0,0,0,q+ee+vel+col
logmppi,Log-MPPI,214,front_left_mid,pick_low,0.03,0.05,0.2,0.255911459805,0.142770601942,0.403489007217,12,0,0,0,0,0,0,0,0,q+ee+vel+col
logmppi,Log-MPPI,215,front_left_mid,transfer_high,0.03,0.05,0.2,0.0577915859778,0.0202648633225,0.189457235766,11,0,1,0,1,1,0,1,1,q+col
logmppi,Log-MPPI,216,front_left_mid,pre_place,0.03,0.05,0.2,0.0513058203018,0.0105425744753,0.220907278667,0,0,0,1,1,1,0,1,0,q+vel
logmppi,Log-MPPI,217,front_left_mid,place_low,0.03,0.05,0.2,0.0689077939022,0.0265450732025,0.166974637654,0,0,1,1,1,1,0,1,1,q
logmppi,Log-MPPI,218,front_left_mid,left_high,0.03,0.05,0.2,0.0847240078897,0.0387685729717,0.319252698497,22,0,0,0,1,1,0,1,0,q+vel+col
logmppi,Log-MPPI,219,front_left_mid,left_low,0.03,0.05,0.2,0.130333301594,0.0738360098473,0.267731027323,9,0,0,0,0,0,0,0,0,q+ee+vel+col
logmppi,Log-MPPI,220,front_left_mid,right_high,0.03,0.05,0.2,0.0622753557999,0.0134686990201,0.170767383694,0,0,1,1,1,1,0,1,1,q
logmppi,Log-MPPI,221,front_left_mid,right_low,0.03,0.05,0.2,0.0220097067267,0.00818909896876,0.157378043793,0,1,1,1,1,1,1,1,1,ok
logmppi,Log-MPPI,222,front_left_mid,over_left,0.03,0.05,0.2,0.0954641126521,0.060204397953,0.304922356883,41,0,0,0,0,1,0,0,0,q+ee+vel+col
logmppi,Log-MPPI,223,front_left_mid,over_right,0.03,0.05,0.2,0.0278185314502,0.0187653010677,0.0977214141792,0,1,1,1,1,1,1,1,1,ok
logmppi,Log-MPPI,224,front_left_mid,front_right_mid,0.03,0.05,0.2,0.165521119953,0.100318002884,0.236638445552,0,0,0,1,0,0,0,0,0,q+ee+vel
logmppi,Log-MPPI,225,front_right_mid,home_mid,0.03,0.05,0.2,1.63494158931,0.624218014078,2.11745794165,161,0,0,0,0,0,0,0,0,q+ee+vel+col
logmppi,Log-MPPI,226,front_right_mid,detour_high,0.03,0.05,0.2,0.0794210268134,0.0202142775272,0.168219480769,0,0,1,1,1,1,0,1,1,q
logmppi,Log-MPPI,227,front_right_mid,goal_right,0.03,0.05,0.2,0.110999255348,0.0622764337307,0.166819761439,0,0,0,1,0,1,0,0,1,q+ee
logmppi,Log-MPPI,228,front_right_mid,pre_pick,0.03,0.05,0.2,0.0547931351808,0.0105774226742,0.262336473618,0,0,0,1,1,1,0,1,0,q+vel
logmppi,Log-MPPI,229,front_right_mid,pick_low,0.03,0.05,0.2,0.0336935022566,0.0170156561537,0.183265157751,0,0,1,1,1,1,0,1,1,q
logmppi,Log-MPPI,230,front_right_mid,transfer_high,0.03,0.05,0.2,0.0912260890752,0.0482552445639,0.282915991456,27,0,0,0,1,1,0,1,0,q+vel+col
logmppi,Log-MPPI,231,front_right_mid,pre_place,0.03,0.05,0.2,0.140340553308,0.0828145136463,0.367606011031,0,0,0,1,0,0,0,0,0,q+ee+vel
logmppi,Log-MPPI,232,front_right_mid,place_low,0.03,0.05,0.2,0.37000666695,0.22048971434,0.282673187426,0,0,0,1,0,0,0,0,0,q+ee+vel
logmppi,Log-MPPI,233,front_right_mid,left_high,0.03,0.05,0.2,0.0691565871898,0.0230351123213,0.269441285579,0,0,0,1,1,1,0,1,0,q+vel
logmppi,Log-MPPI,234,front_right_mid,left_low,0.03,0.05,0.2,0.0385157781731,0.0170414001953,0.27878921868,0,0,0,1,1,1,0,1,0,q+vel
logmppi,Log-MPPI,235,front_right_mid,right_high,0.03,0.05,0.2,0.0582387849094,0.028140581768,0.157655650495,0,0,1,1,1,1,0,1,1,q
logmppi,Log-MPPI,236,front_right_mid,right_low,0.03,0.05,0.2,0.261675370147,0.155685975812,0.329302929905,0,0,0,1,0,0,0,0,0,q+ee+vel
logmppi,Log-MPPI,237,front_right_mid,over_left,0.03,0.05,0.2,0.0351973172664,0.0171188956651,0.128764380709,18,0,1,0,1,1,0,1,1,q+col
logmppi,Log-MPPI,238,front_right_mid,over_right,0.03,0.05,0.2,0.11644211532,0.0485299920566,0.270221817302,24,0,0,0,1,1,0,1,0,q+vel+col
logmppi,Log-MPPI,239,front_right_mid,front_left_mid,0.03,0.05,0.2,0.0702465771242,0.0284685298024,0.211003171298,0,0,0,1,1,1,0,1,0,q+vel
clustermppi,Cluster-MPPI,0,home_mid,detour_high,0.03,0.05,0.2,0.037457918935,0.00945884022604,0.16046251132,0,0,1,1,1,1,0,1,1,q
clustermppi,Cluster-MPPI,1,home_mid,goal_right,0.03,0.05,0.2,0.0500203432818,0.0230981222895,0.266080286341,0,0,0,1,1,1,0,1,0,q+vel
clustermppi,Cluster-MPPI,2,home_mid,pre_pick,0.03,0.05,0.2,0.0286874411524,0.0112247604532,0.197546839312,10,1,1,0,1,1,1,1,1,col
clustermppi,Cluster-MPPI,3,home_mid,pick_low,0.03,0.05,0.2,0.0752234871843,0.0267946144359,0.367357297551,0,0,0,1,1,1,0,1,0,q+vel
clustermppi,Cluster-MPPI,4,home_mid,transfer_high,0.03,0.05,0.2,0.155177788568,0.118622207484,0.322727064226,33,0,0,0,0,0,0,0,0,q+ee+vel+col
clustermppi,Cluster-MPPI,5,home_mid,pre_place,0.03,0.05,0.2,0.148881653525,0.107256923336,0.366298075355,0,0,0,1,0,0,0,0,0,q+ee+vel
clustermppi,Cluster-MPPI,6,home_mid,place_low,0.03,0.05,0.2,0.257271883213,0.143983855303,0.481645954774,0,0,0,1,0,0,0,0,0,q+ee+vel
clustermppi,Cluster-MPPI,7,home_mid,left_high,0.03,0.05,0.2,0.0357935871196,0.0125882547458,0.162980297834,4,0,1,0,1,1,0,1,1,q+col
clustermppi,Cluster-MPPI,8,home_mid,left_low,0.03,0.05,0.2,0.0626209122646,0.0214200987465,0.130246521505,0,0,1,1,1,1,0,1,1,q
clustermppi,Cluster-MPPI,9,home_mid,right_high,0.03,0.05,0.2,0.0689920650162,0.0410808519734,0.199985801506,0,0,1,1,1,1,0,1,1,q
clustermppi,Cluster-MPPI,10,home_mid,right_low,0.03,0.05,0.2,0.16991606454,0.095091698239,0.345213961456,0,0,0,1,0,0,0,0,0,q+ee+vel
clustermppi,Cluster-MPPI,11,home_mid,over_left,0.03,0.05,0.2,0.184967512849,0.0888429350091,0.275490831109,21,0,0,0,0,0,0,0,0,q+ee+vel+col
clustermppi,Cluster-MPPI,12,home_mid,over_right,0.03,0.05,0.2,0.140341599708,0.0873189034555,0.381540582067,44,0,0,0,0,0,0,0,0,q+ee+vel+col
clustermppi,Cluster-MPPI,13,home_mid,front_left_mid,0.03,0.05,0.2,0.0755247570766,0.0437259523093,0.241088377262,0,0,0,1,1,1,0,1,0,q+vel
clustermppi,Cluster-MPPI,14,home_mid,front_right_mid,0.03,0.05,0.2,0.341997949529,0.23096505737,0.431780480209,0,0,0,1,0,0,0,0,0,q+ee+vel
clustermppi,Cluster-MPPI,15,detour_high,home_mid,0.03,0.05,0.2,2.27563205975,0.440063828232,3.10310854415,109,0,0,0,0,0,0,0,0,q+ee+vel+col
clustermppi,Cluster-MPPI,16,detour_high,goal_right,0.03,0.05,0.2,0.0633904442494,0.0386688242419,0.188716186939,0,0,1,1,1,1,0,1,1,q
clustermppi,Cluster-MPPI,17,detour_high,pre_pick,0.03,0.05,0.2,0.0357191544203,0.00819456829437,0.263668138841,0,0,0,1,1,1,0,1,0,q+vel
clustermppi,Cluster-MPPI,18,detour_high,pick_low,0.03,0.05,0.2,0.0480949345408,0.0225446144241,0.200253759375,0,0,0,1,1,1,0,1,0,q+vel
clustermppi,Cluster-MPPI,19,detour_high,transfer_high,0.03,0.05,0.2,0.0245307595522,0.0156409252865,0.185899175152,21,1,1,0,1,1,1,1,1,col
clustermppi,Cluster-MPPI,20,detour_high,pre_place,0.03,0.05,0.2,0.0715120272422,0.045158378868,0.445305802226,13,0,0,0,1,1,0,1,0,q+vel+col
clustermppi,Cluster-MPPI,21,detour_high,place_low,0.03,0.05,0.2,0.0476617197303,0.0245792838291,0.291871295882,0,0,0,1,1,1,0,1,0,q+vel
clustermppi,Cluster-MPPI,22,detour_high,left_high,0.03,0.05,0.2,0.0176539709155,0.00392864684707,0.147502466508,0,1,1,1,1,1,1,1,1,ok
clustermppi,Cluster-MPPI,23,detour_high,left_low,0.03,0.05,0.2,0.0283965567752,0.00886262101553,0.178225143291,0,1,1,1,1,1,1,1,1,ok
clustermppi,Cluster-MPPI,24,detour_high,right_high,0.03,0.05,0.2,0.171267066886,0.126464090945,0.306269185133,12,0,0,0,0,0,0,0,0,q+ee+vel+col
clustermppi,Cluster-MPPI,25,detour_high,right_low,0.03,0.05,0.2,0.0179311259585,0.00807248383055,0.113207504865,0,1,1,1,1,1,1,1,1,ok
clustermppi,Cluster-MPPI,26,detour_high,over_left,0.03,0.05,0.2,0.024270782576,0.00350095781846,0.18523228414,14,1,1,0,1,1,1,1,1,col
clustermppi,Cluster-MPPI,27,detour_high,over_right,0.03,0.05,0.2,0.087331580113,0.0313492747804,0.205767580926,46,0,0,0,1,1,0,1,0,q+vel+col
clustermppi,Cluster-MPPI,28,detour_high,front_left_mid,0.03,0.05,0.2,0.028767176844,0.0105522396284,0.155913988897,0,1,1,1,1,1,1,1,1,ok
clustermppi,Cluster-MPPI,29,detour_high,front_right_mid,0.03,0.05,0.2,0.02611936993,0.0076561838419,0.18221175391,0,1,1,1,1,1,1,1,1,ok
clustermppi,Cluster-MPPI,30,goal_right,home_mid,0.03,0.05,0.2,0.0296029793196,0.00949603648919,0.19617437336,0,1,1,1,1,1,1,1,1,ok
clustermppi,Cluster-MPPI,31,goal_right,detour_high,0.03,0.05,0.2,0.0370025538753,0.0159907153781,0.210453682211,0,0,0,1,1,1,0,1,0,q+vel
clustermppi,Cluster-MPPI,32,goal_right,pre_pick,0.03,0.05,0.2,0.0295047799286,0.00900438179558,0.119697716319,0,1,1,1,1,1,1,1,1,ok
clustermppi,Cluster-MPPI,33,goal_right,pick_low,0.03,0.05,0.2,0.0276688622117,0.0121850357736,0.18091436012,0,1,1,1,1,1,1,1,1,ok
clustermppi,Cluster-MPPI,34,goal_right,transfer_high,0.03,0.05,0.2,0.0284487855824,0.011317719898,0.172865068417,0,1,1,1,1,1,1,1,1,ok
clustermppi,Cluster-MPPI,35,goal_right,pre_place,0.03,0.05,0.2,0.0807936354862,0.0428033817628,0.300340429326,57,0,0,0,1,1,0,1,0,q+vel+col
clustermppi,Cluster-MPPI,36,goal_right,place_low,0.03,0.05,0.2,0.104095174845,0.0489183856617,0.250844413857,10,0,0,0,1,1,0,1,0,q+vel+col
clustermppi,Cluster-MPPI,37,goal_right,left_high,0.03,0.05,0.2,0.0254911388169,0.00734186469278,0.195950260844,0,1,1,1,1,1,1,1,1,ok
clustermppi,Cluster-MPPI,38,goal_right,left_low,0.03,0.05,0.2,0.0297069314289,0.00741760406216,0.136575835167,0,1,1,1,1,1,1,1,1,ok
clustermppi,Cluster-MPPI,39,goal_right,right_high,0.03,0.05,0.2,0.0822084108923,0.0414241497521,0.239917946946,49,0,0,0,1,1,0,1,0,q+vel+col
clustermppi,Cluster-MPPI,40,goal_right,right_low,0.03,0.05,0.2,0.156423315086,0.0910223185738,0.3279356764,16,0,0,0,0,0,0,0,0,q+ee+vel+col
clustermppi,Cluster-MPPI,41,goal_right,over_left,0.03,0.05,0.2,0.0247230617152,0.00849268436411,0.165256260017,0,1,1,1,1,1,1,1,1,ok
clustermppi,Cluster-MPPI,42,goal_right,over_right,0.03,0.05,0.2,0.0460042762722,0.00629528105377,0.178377571167,48,0,1,0,1,1,0,1,1,q+col
clustermppi,Cluster-MPPI,43,goal_right,front_left_mid,0.03,0.05,0.2,0.0683794553368,0.0186766307987,0.468126060692,0,0,0,1,1,1,0,1,0,q+vel
clustermppi,Cluster-MPPI,44,goal_right,front_right_mid,0.03,0.05,0.2,0.0276546000513,0.0069262945806,0.124789971222,0,1,1,1,1,1,1,1,1,ok
clustermppi,Cluster-MPPI,45,pre_pick,home_mid,0.03,0.05,0.2,0.189746075842,0.135712673891,0.245645082814,0,0,0,1,0,0,0,0,0,q+ee+vel
clustermppi,Cluster-MPPI,46,pre_pick,detour_high,0.03,0.05,0.2,0.0546427189985,0.0365034904708,0.271720054176,0,0,0,1,1,1,0,1,0,q+vel
clustermppi,Cluster-MPPI,47,pre_pick,goal_right,0.03,0.05,0.2,0.0228009841894,0.00611442578985,0.168107507934,0,1,1,1,1,1,1,1,1,ok
clustermppi,Cluster-MPPI,48,pre_pick,pick_low,0.03,0.05,0.2,0.263478179001,0.130566454354,0.41267737338,0,0,0,1,0,0,0,0,0,q+ee+vel
clustermppi,Cluster-MPPI,49,pre_pick,transfer_high,0.03,0.05,0.2,0.0743049165397,0.041936737639,0.226773434474,0,0,0,1,1,1,0,1,0,q+vel
clustermppi,Cluster-MPPI,50,pre_pick,pre_place,0.03,0.05,0.2,0.0285071769684,0.0154567636743,0.162364321958,0,1,1,1,1,1,1,1,1,ok
clustermppi,Cluster-MPPI,51,pre_pick,place_low,0.03,0.05,0.2,0.037928024285,0.00718658839252,0.261036637586,0,0,0,1,1,1,0,1,0,q+vel
clustermppi,Cluster-MPPI,52,pre_pick,left_high,0.03,0.05,0.2,0.219286174362,0.129276150697,0.202406733647,21,0,0,0,0,0,0,0,0,q+ee+vel+col
clustermppi,Cluster-MPPI,53,pre_pick,left_low,0.03,0.05,0.2,0.173461373909,0.094713755466,0.404860044631,1,0,0,0,0,0,0,0,0,q+ee+vel+col
clustermppi,Cluster-MPPI,54,pre_pick,right_high,0.03,0.05,0.2,0.0250991781287,0.00804287920871,0.185684041046,0,1,1,1,1,1,1,1,1,ok
clustermppi,Cluster-MPPI,55,pre_pick,right_low,0.03,0.05,0.2,0.0238159356437,0.00567533822992,0.172871550918,0,1,1,1,1,1,1,1,1,ok
clustermppi,Cluster-MPPI,56,pre_pick,over_left,0.03,0.05,0.2,0.147081783476,0.0924492339013,0.407850858002,46,0,0,0,0,0,0,0,0,q+ee+vel+col
clustermppi,Cluster-MPPI,57,pre_pick,over_right,0.03,0.05,0.2,0.0553019136767,0.034754419015,0.290213829241,0,0,0,1,1,1,0,1,0,q+vel
clustermppi,Cluster-MPPI,58,pre_pick,front_left_mid,0.03,0.05,0.2,0.41029015702,0.263465039362,0.405107935186,13,0,0,0,0,0,0,0,0,q+ee+vel+col
clustermppi,Cluster-MPPI,59,pre_pick,front_right_mid,0.03,0.05,0.2,0.137932637629,0.0792841398029,0.257202817491,0,0,0,1,0,0,0,0,0,q+ee+vel
clustermppi,Cluster-MPPI,60,pick_low,home_mid,0.03,0.05,0.2,0.0754649201783,0.0425545623723,0.20920310789,0,0,0,1,1,1,0,1,0,q+vel
clustermppi,Cluster-MPPI,61,pick_low,detour_high,0.03,0.05,0.2,0.0295584728257,0.0240135248617,0.113739104588,0,1,1,1,1,1,1,1,1,ok
clustermppi,Cluster-MPPI,62,pick_low,goal_right,0.03,0.05,0.2,0.0380734293769,0.0090212925125,0.214516016397,0,0,0,1,1,1,0,1,0,q+vel
clustermppi,Cluster-MPPI,63,pick_low,pre_pick,0.03,0.05,0.2,0.114361151287,0.078300073905,0.0895077520705,26,0,0,0,0,0,0,0,1,q+ee+col
clustermppi,Cluster-MPPI,64,pick_low,transfer_high,0.03,0.05,0.2,0.0422983269258,0.0201617430086,0.19100974306,0,0,1,1,1,1,0,1,1,q
clustermppi,Cluster-MPPI,65,pick_low,pre_place,0.03,0.05,0.2,0.0519655594134,0.00429384378142,0.157629788485,0,0,1,1,1,1,0,1,1,q
clustermppi,Cluster-MPPI,66,pick_low,place_low,0.03,0.05,0.2,0.0292981424735,0.0054610884035,0.110039550937,0,1,1,1,1,1,1,1,1,ok
clustermppi,Cluster-MPPI,67,pick_low,left_high,0.03,0.05,0.2,0.0832312749881,0.030387819969,0.182056496479,25,0,1,0,1,1,0,1,1,q+col
clustermppi,Cluster-MPPI,68,pick_low,left_low,0.03,0.05,0.2,0.204612526096,0.114613073568,0.266056923451,18,0,0,0,0,0,0,0,0,q+ee+vel+col
clustermppi,Cluster-MPPI,69,pick_low,right_high,0.03,0.05,0.2,0.0293313381381,0.0115426389673,0.199960045498,0,1,1,1,1,1,1,1,1,ok
clustermppi,Cluster-MPPI,70,pick_low,right_low,0.03,0.05,0.2,0.0356328258816,0.0217325052667,0.232094503861,0,0,0,1,1,1,0,1,0,q+vel
clustermppi,Cluster-MPPI,71,pick_low,over_left,0.03,0.05,0.2,0.0192548099747,0.0111873851625,0.158707369487,0,1,1,1,1,1,1,1,1,ok
clustermppi,Cluster-MPPI,72,pick_low,over_right,0.03,0.05,0.2,0.0129347443434,0.00652776458175,0.106134899275,0,1,1,1,1,1,1,1,1,ok
clustermppi,Cluster-MPPI,73,pick_low,front_left_mid,0.03,0.05,0.2,0.214899408617,0.141723547286,0.263578654811,25,0,0,0,0,0,0,0,0,q+ee+vel+col
clustermppi,Cluster-MPPI,74,pick_low,front_right_mid,0.03,0.05,0.2,0.0690071281528,0.0403507798046,0.396000386503,0,0,0,1,1,1,0,1,0,q+vel
clustermppi,Cluster-MPPI,75,transfer_high,home_mid,0.03,0.05,0.2,0.417045715411,0.261214718217,0.654766703209,9,0,0,0,0,0,0,0,0,q+ee+vel+col
clustermppi,Cluster-MPPI,76,transfer_high,detour_high,0.03,0.05,0.2,0.0870439747886,0.0729610942932,0.472684751179,0,0,0,1,0,0,0,0,0,q+ee+vel
clustermppi,Cluster-MPPI,77,transfer_high,goal_right,0.03,0.05,0.2,0.13388493324,0.0927482751589,0.34308243603,0,0,0,1,0,0,0,0,0,q+ee+vel
clustermppi,Cluster-MPPI,78,transfer_high,pre_pick,0.03,0.05,0.2,0.0488814101662,0.0142467540177,0.223599545938,0,0,0,1,1,1,0,1,0,q+vel
clustermppi,Cluster-MPPI,79,transfer_high,pick_low,0.03,0.05,0.2,1.06144908936,0.565643976869,0.301509503533,0,0,0,1,0,0,0,0,0,q+ee+vel
clustermppi,Cluster-MPPI,80,transfer_high,pre_place,0.03,0.05,0.2,0.257735320135,0.190850335735,0.467702855084,0,0,0,1,0,0,0,0,0,q+ee+vel
clustermppi,Cluster-MPPI,81,transfer_high,place_low,0.03,0.05,0.2,0.333665258304,0.1859850097,0.526440641173,0,0,0,1,0,0,0,0,0,q+ee+vel
clustermppi,Cluster-MPPI,82,transfer_high,left_high,0.03,0.05,0.2,0.0297159711993,0.00787315062142,0.180008625288,0,1,1,1,1,1,1,1,1,ok
clustermppi,Cluster-MPPI,83,transfer_high,left_low,0.03,0.05,0.2,0.0365295530697,0.0146788494176,0.199263560361,0,0,1,1,1,1,0,1,1,q
clustermppi,Cluster-MPPI,84,transfer_high,right_high,0.03,0.05,0.2,0.231984923191,0.164661619667,0.255513125973,0,0,0,1,0,0,0,0,0,q+ee+vel
clustermppi,Cluster-MPPI,85,transfer_high,right_low,0.03,0.05,0.2,0.276273195379,0.146184343379,0.3119149123,0,0,0,1,0,0,0,0,0,q+ee+vel
clustermppi,Cluster-MPPI,86,transfer_high,over_left,0.03,0.05,0.2,0.172647174099,0.0814857649349,0.466275158504,18,0,0,0,0,0,0,0,0,q+ee+vel+col
clustermppi,Cluster-MPPI,87,transfer_high,over_right,0.03,0.05,0.2,0.514364630319,0.33080845513,0.392651066884,61,0,0,0,0,0,0,0,0,q+ee+vel+col
clustermppi,Cluster-MPPI,88,transfer_high,front_left_mid,0.03,0.05,0.2,0.043929225226,0.0096979296274,0.288699777282,0,0,0,1,1,1,0,1,0,q+vel
clustermppi,Cluster-MPPI,89,transfer_high,front_right_mid,0.03,0.05,0.2,0.477218642123,0.312402115372,0.424007746154,0,0,0,1,0,0,0,0,0,q+ee+vel
clustermppi,Cluster-MPPI,90,pre_place,home_mid,0.03,0.05,0.2,0.0560085119012,0.0221119415478,0.182443709236,0,0,1,1,1,1,0,1,1,q
clustermppi,Cluster-MPPI,91,pre_place,detour_high,0.03,0.05,0.2,0.0670729349248,0.0424827516033,0.171290340603,0,0,1,1,1,1,0,1,1,q
clustermppi,Cluster-MPPI,92,pre_place,goal_right,0.03,0.05,0.2,0.343934618361,0.272735290876,0.194827753243,0,0,0,1,0,0,0,0,1,q+ee
clustermppi,Cluster-MPPI,93,pre_place,pre_pick,0.03,0.05,0.2,0.0691660141186,0.0246827903461,0.160829335084,0,0,1,1,1,1,0,1,1,q
clustermppi,Cluster-MPPI,94,pre_place,pick_low,0.03,0.05,0.2,0.0291020653631,0.0118422804567,0.187480157688,0,1,1,1,1,1,1,1,1,ok
clustermppi,Cluster-MPPI,95,pre_place,transfer_high,0.03,0.05,0.2,0.0267035999814,0.010465007495,0.139449635585,19,1,1,0,1,1,1,1,1,col
clustermppi,Cluster-MPPI,96,pre_place,place_low,0.03,0.05,0.2,0.21973192487,0.104823865855,0.254003241685,0,0,0,1,0,0,0,0,0,q+ee+vel
clustermppi,Cluster-MPPI,97,pre_place,left_high,0.03,0.05,0.2,0.0297744743423,0.00882755608824,0.197496130327,0,1,1,1,1,1,1,1,1,ok
clustermppi,Cluster-MPPI,98,pre_place,left_low,0.03,0.05,0.2,0.0579374230404,0.0296099591617,0.17001014259,0,0,1,1,1,1,0,1,1,q
clustermppi,Cluster-MPPI,99,pre_place,right_high,0.03,0.05,0.2,0.38758118005,0.255103847127,0.221665054142,26,0,0,0,0,0,0,0,0,q+ee+vel+col
clustermppi,Cluster-MPPI,100,pre_place,right_low,0.03,0.05,0.2,0.326242901859,0.181650186505,0.207854953941,0,0,0,1,0,0,0,0,0,q+ee+vel
clustermppi,Cluster-MPPI,101,pre_place,over_left,0.03,0.05,0.2,0.0451830915923,0.0182074684686,0.248975783538,0,0,0,1,1,1,0,1,0,q+vel
clustermppi,Cluster-MPPI,102,pre_place,over_right,0.03,0.05,0.2,0.108770910163,0.0502660091689,0.348169416529,48,0,0,0,0,1,0,0,0,q+ee+vel+col
clustermppi,Cluster-MPPI,103,pre_place,front_left_mid,0.03,0.05,0.2,0.0280143662095,0.00583193735238,0.17081220253,0,1,1,1,1,1,1,1,1,ok
clustermppi,Cluster-MPPI,104,pre_place,front_right_mid,0.03,0.05,0.2,0.102781988665,0.0661488742103,0.228869945151,0,0,0,1,0,1,0,0,0,q+ee+vel
clustermppi,Cluster-MPPI,105,place_low,home_mid,0.03,0.05,0.2,0.0197812023124,0.00578064675954,0.174652703332,11,1,1,0,1,1,1,1,1,col
clustermppi,Cluster-MPPI,106,place_low,detour_high,0.03,0.05,0.2,0.0263562709259,0.00719867910575,0.170359310357,0,1,1,1,1,1,1,1,1,ok
clustermppi,Cluster-MPPI,107,place_low,goal_right,0.03,0.05,0.2,0.174356171274,0.135238808289,0.262775893908,0,0,0,1,0,0,0,0,0,q+ee+vel
clustermppi,Cluster-MPPI,108,place_low,pre_pick,0.03,0.05,0.2,0.0726114344142,0.0249706453503,0.199688965055,0,0,1,1,1,1,0,1,1,q
clustermppi,Cluster-MPPI,109,place_low,pick_low,0.03,0.05,0.2,0.0562375691017,0.0250597099268,0.188449546293,0,0,1,1,1,1,0,1,1,q
clustermppi,Cluster-MPPI,110,place_low,transfer_high,0.03,0.05,0.2,0.0434599974448,0.011103922734,0.0607491224179,19,0,1,0,1,1,0,1,1,q+col
clustermppi,Cluster-MPPI,111,place_low,pre_place,0.03,0.05,0.2,0.0892357389369,0.0471204605097,0.236811044318,80,0,0,0,1,1,0,1,0,q+vel+col
clustermppi,Cluster-MPPI,112,place_low,left_high,0.03,0.05,0.2,0.0480317767946,0.015812050165,0.214627760964,0,0,0,1,1,1,0,1,0,q+vel
clustermppi,Cluster-MPPI,113,place_low,left_low,0.03,0.05,0.2,0.0292498098702,0.0132168610472,0.165597813968,0,1,1,1,1,1,1,1,1,ok
clustermppi,Cluster-MPPI,114,place_low,right_high,0.03,0.05,0.2,0.0812255740125,0.030637036612,0.296908547513,0,0,0,1,1,1,0,1,0,q+vel
clustermppi,Cluster-MPPI,115,place_low,right_low,0.03,0.05,0.2,0.276976180857,0.175698311197,0.212404999273,22,0,0,0,0,0,0,0,0,q+ee+vel+col
clustermppi,Cluster-MPPI,116,place_low,over_left,0.03,0.05,0.2,0.0267658731807,0.00535601129567,0.195021633703,13,1,1,0,1,1,1,1,1,col
clustermppi,Cluster-MPPI,117,place_low,over_right,0.03,0.05,0.2,0.03568642825,0.00925264323947,0.306961936238,44,0,0,0,1,1,0,1,0,q+vel+col
clustermppi,Cluster-MPPI,118,place_low,front_left_mid,0.03,0.05,0.2,0.0262589948522,0.00642354860642,0.139611827907,0,1,1,1,1,1,1,1,1,ok
clustermppi,Cluster-MPPI,119,place_low,front_right_mid,0.03,0.05,0.2,0.0961099437163,0.0470808764688,0.351917103288,25,0,0,0,1,1,0,1,0,q+vel+col
clustermppi,Cluster-MPPI,120,left_high,home_mid,0.03,0.05,0.2,0.208397052201,0.120526057223,0.271758817102,0,0,0,1,0,0,0,0,0,q+ee+vel
clustermppi,Cluster-MPPI,121,left_high,detour_high,0.03,0.05,0.2,0.0503287998224,0.00984876813086,0.248535571078,0,0,0,1,1,1,0,1,0,q+vel
clustermppi,Cluster-MPPI,122,left_high,goal_right,0.03,0.05,0.2,0.101301450324,0.0671165108408,0.32164856642,0,0,0,1,0,1,0,0,0,q+ee+vel
clustermppi,Cluster-MPPI,123,left_high,pre_pick,0.03,0.05,0.2,0.303164208413,0.208071266367,0.650503128827,29,0,0,0,0,0,0,0,0,q+ee+vel+col
clustermppi,Cluster-MPPI,124,left_high,pick_low,0.03,0.05,0.2,0.502391396951,0.287073350277,0.433131177619,0,0,0,1,0,0,0,0,0,q+ee+vel
clustermppi,Cluster-MPPI,125,left_high,transfer_high,0.03,0.05,0.2,0.125893498887,0.0832338531969,0.33523779649,0,0,0,1,0,0,0,0,0,q+ee+vel
clustermppi,Cluster-MPPI,126,left_high,pre_place,0.03,0.05,0.2,0.0484311474848,0.0111805288479,0.275323444391,0,0,0,1,1,1,0,1,0,q+vel
clustermppi,Cluster-MPPI,127,left_high,place_low,0.03,0.05,0.2,0.0484784625887,0.0164836509808,0.265582649288,0,0,0,1,1,1,0,1,0,q+vel
clustermppi,Cluster-MPPI,128,left_high,left_low,0.03,0.05,0.2,0.222722078777,0.124878447816,0.336679560362,0,0,0,1,0,0,0,0,0,q+ee+vel
clustermppi,Cluster-MPPI,129,left_high,right_high,0.03,0.05,0.2,0.0289716709106,0.00708592811061,0.175753106967,0,1,1,1,1,1,1,1,1,ok
clustermppi,Cluster-MPPI,130,left_high,right_low,0.03,0.05,0.2,0.0222172822535,0.00770203994088,0.269366192255,0,0,0,1,1,1,1,1,0,vel
clustermppi,Cluster-MPPI,131,left_high,over_left,0.03,0.05,0.2,0.116911832722,0.068350722665,0.190090938264,32,0,0,0,0,1,0,0,1,q+ee+col
clustermppi,Cluster-MPPI,132,left_high,over_right,0.03,0.05,0.2,0.0738069132655,0.04211250373,0.415567775546,0,0,0,1,1,1,0,1,0,q+vel
clustermppi,Cluster-MPPI,133,left_high,front_left_mid,0.03,0.05,0.2,0.391645246627,0.262406916872,0.482993262926,0,0,0,1,0,0,0,0,0,q+ee+vel
clustermppi,Cluster-MPPI,134,left_high,front_right_mid,0.03,0.05,0.2,0.10152658662,0.0620825437418,0.219414239819,0,0,0,1,0,1,0,0,0,q+ee+vel
clustermppi,Cluster-MPPI,135,left_low,home_mid,0.03,0.05,0.2,0.0289103355455,0.00702192509092,0.271431671494,0,0,0,1,1,1,1,1,0,vel
clustermppi,Cluster-MPPI,136,left_low,detour_high,0.03,0.05,0.2,0.0294026715377,0.012039424108,0.19658926338,0,1,1,1,1,1,1,1,1,ok
clustermppi,Cluster-MPPI,137,left_low,goal_right,0.03,0.05,0.2,0.0284148909488,0.0202393226574,0.12757082474,0,1,1,1,1,1,1,1,1,ok
clustermppi,Cluster-MPPI,138,left_low,pre_pick,0.03,0.05,0.2,0.154399194042,0.10576649663,0.268159071074,34,0,0,0,0,0,0,0,0,q+ee+vel+col
clustermppi,Cluster-MPPI,139,left_low,pick_low,0.03,0.05,0.2,0.382301838063,0.235341482074,0.261636719327,16,0,0,0,0,0,0,0,0,q+ee+vel+col
clustermppi,Cluster-MPPI,140,left_low,transfer_high,0.03,0.05,0.2,0.0574757775899,0.0163038759265,0.157103134632,0,0,1,1,1,1,0,1,1,q
clustermppi,Cluster-MPPI,141,left_low,pre_place,0.03,0.05,0.2,0.0290694842136,0.00808159468027,0.158280263657,0,1,1,1,1,1,1,1,1,ok
clustermppi,Cluster-MPPI,142,left_low,place_low,0.03,0.05,0.2,0.0587940606813,0.0139250842512,0.204745672945,0,0,0,1,1,1,0,1,0,q+vel
clustermppi,Cluster-MPPI,143,left_low,left_high,0.03,0.05,0.2,0.105169598137,0.0746483923731,0.28022574188,32,0,0,0,0,0,0,0,0,q+ee+vel+col
clustermppi,Cluster-MPPI,144,left_low,right_high,0.03,0.05,0.2,0.0293867508786,0.0161627031467,0.167529177399,0,1,1,1,1,1,1,1,1,ok
clustermppi,Cluster-MPPI,145,left_low,right_low,0.03,0.05,0.2,0.0266442144751,0.0135536897759,0.281653245273,0,0,0,1,1,1,1,1,0,vel
clustermppi,Cluster-MPPI,146,left_low,over_left,0.03,0.05,0.2,0.0243942776302,0.00949812308504,0.199814511429,0,1,1,1,1,1,1,1,1,ok
clustermppi,Cluster-MPPI,147,left_low,over_right,0.03,0.05,0.2,0.0447240307019,0.0191772389628,0.161359885578,0,0,1,1,1,1,0,1,1,q
clustermppi,Cluster-MPPI,148,left_low,front_left_mid,0.03,0.05,0.2,0.222594044485,0.148689091181,0.455278003722,0,0,0,1,0,0,0,0,0,q+ee+vel
clustermppi,Cluster-MPPI,149,left_low,front_right_mid,0.03,0.05,0.2,0.0209231412898,0.00446750084427,0.157357813792,0,1,1,1,1,1,1,1,1,ok
clustermppi,Cluster-MPPI,150,right_high,home_mid,0.03,0.05,0.2,0.0278715728574,0.0169904621694,0.149159229122,0,1,1,1,1,1,1,1,1,ok
clustermppi,Cluster-MPPI,151,right_high,detour_high,0.03,0.05,0.2,0.118127875256,0.0757235344488,0.378179755606,7,0,0,0,0,0,0,0,0,q+ee+vel+col
clustermppi,Cluster-MPPI,152,right_high,goal_right,0.03,0.05,0.2,0.277457845076,0.198068255546,0.453735040803,0,0,0,1,0,0,0,0,0,q+ee+vel
clustermppi,Cluster-MPPI,153,right_high,pre_pick,0.03,0.05,0.2,0.0299564422656,0.00677685525103,0.176529284753,0,1,1,1,1,1,1,1,1,ok
clustermppi,Cluster-MPPI,154,right_high,pick_low,0.03,0.05,0.2,0.0294515427515,0.0113962925917,0.19868591884,0,1,1,1,1,1,1,1,1,ok
clustermppi,Cluster-MPPI,155,right_high,transfer_high,0.03,0.05,0.2,0.0285291717761,0.0136413680232,0.1303763573,13,1,1,0,1,1,1,1,1,col
clustermppi,Cluster-MPPI,156,right_high,pre_place,0.03,0.05,0.2,0.223269688488,0.142917449631,0.212793557172,46,0,0,0,0,0,0,0,0,q+ee+vel+col
clustermppi,Cluster-MPPI,157,right_high,place_low,0.03,0.05,0.2,0.120521453367,0.0449670447631,0.13712145029,0,0,1,1,1,1,0,1,1,q
clustermppi,Cluster-MPPI,158,right_high,left_high,0.03,0.05,0.2,0.0554308801861,0.0292008522028,0.293369903103,0,0,0,1,1,1,0,1,0,q+vel
clustermppi,Cluster-MPPI,159,right_high,left_low,0.03,0.05,0.2,0.0378638219305,0.0199791641466,0.263023303976,0,0,0,1,1,1,0,1,0,q+vel
clustermppi,Cluster-MPPI,160,right_high,right_low,0.03,0.05,0.2,0.206702199402,0.119745763744,0.344964944844,0,0,0,1,0,0,0,0,0,q+ee+vel
clustermppi,Cluster-MPPI,161,right_high,over_left,0.03,0.05,0.2,0.0599309765065,0.0100416938158,0.307950539112,0,0,0,1,1,1,0,1,0,q+vel
clustermppi,Cluster-MPPI,162,right_high,over_right,0.03,0.05,0.2,0.0832044349642,0.042443258509,0.319715722902,18,0,0,0,1,1,0,1,0,q+vel+col
clustermppi,Cluster-MPPI,163,right_high,front_left_mid,0.03,0.05,0.2,0.0298631318653,0.0173029415652,0.142304726445,0,1,1,1,1,1,1,1,1,ok
clustermppi,Cluster-MPPI,164,right_high,front_right_mid,0.03,0.05,0.2,0.0257563727928,0.0103826442246,0.124607051019,0,1,1,1,1,1,1,1,1,ok
clustermppi,Cluster-MPPI,165,right_low,home_mid,0.03,0.05,0.2,0.0368871699318,0.00936384275486,0.199446718833,0,0,1,1,1,1,0,1,1,q
clustermppi,Cluster-MPPI,166,right_low,detour_high,0.03,0.05,0.2,0.0281445392669,0.0120500785267,0.192689805204,0,1,1,1,1,1,1,1,1,ok
clustermppi,Cluster-MPPI,167,right_low,goal_right,0.03,0.05,0.2,0.230528095777,0.187021606699,0.332005424877,38,0,0,0,0,0,0,0,0,q+ee+vel+col
clustermppi,Cluster-MPPI,168,right_low,pre_pick,0.03,0.05,0.2,0.0275526939688,0.00923366978051,0.129707978794,0,1,1,1,1,1,1,1,1,ok
clustermppi,Cluster-MPPI,169,right_low,pick_low,0.03,0.05,0.2,0.0199235904186,0.00786751454435,0.198172657178,0,1,1,1,1,1,1,1,1,ok
clustermppi,Cluster-MPPI,170,right_low,transfer_high,0.03,0.05,0.2,0.0676832783937,0.0294420951225,0.257313853241,9,0,0,0,1,1,0,1,0,q+vel+col
clustermppi,Cluster-MPPI,171,right_low,pre_place,0.03,0.05,0.2,0.123370272845,0.0760605099591,0.289901439664,48,0,0,0,0,0,0,0,0,q+ee+vel+col
clustermppi,Cluster-MPPI,172,right_low,place_low,0.03,0.05,0.2,0.255743994769,0.143528111821,0.375846686448,22,0,0,0,0,0,0,0,0,q+ee+vel+col
clustermppi,Cluster-MPPI,173,right_low,left_high,0.03,0.05,0.2,0.0126929993728,0.00179851374627,0.186246309695,0,1,1,1,1,1,1,1,1,ok
clustermppi,Cluster-MPPI,174,right_low,left_low,0.03,0.05,0.2,0.0496943416944,0.00852396876309,0.323835601751,0,0,0,1,1,1,0,1,0,q+vel
clustermppi,Cluster-MPPI,175,right_low,right_high,0.03,0.05,0.2,0.104286838638,0.0605348065165,0.274639013901,73,0,0,0,0,1,0,0,0,q+ee+vel+col
clustermppi,Cluster-MPPI,176,right_low,over_left,0.03,0.05,0.2,0.0228567448996,0.0091694948247,0.15608790846,0,1,1,1,1,1,1,1,1,ok
clustermppi,Cluster-MPPI,177,right_low,over_right,0.03,0.05,0.2,0.0330535064321,0.0159719374545,0.254437474939,30,0,0,0,1,1,0,1,0,q+vel+col
clustermppi,Cluster-MPPI,178,right_low,front_left_mid,0.03,0.05,0.2,0.0293134980459,0.0110393998015,0.166513607974,0,1,1,1,1,1,1,1,1,ok
clustermppi,Cluster-MPPI,179,right_low,front_right_mid,0.03,0.05,0.2,0.0185243782378,0.0108715846452,0.154816483839,13,1,1,0,1,1,1,1,1,col
clustermppi,Cluster-MPPI,180,over_left,home_mid,0.03,0.05,0.2,0.392959932266,0.273020600159,0.438605536239,0,0,0,1,0,0,0,0,0,q+ee+vel
clustermppi,Cluster-MPPI,181,over_left,detour_high,0.03,0.05,0.2,0.14710888165,0.119206094732,0.200609218808,0,0,0,1,0,0,0,0,0,q+ee+vel
clustermppi,Cluster-MPPI,182,over_left,goal_right,0.03,0.05,0.2,0.137285484473,0.0761044235521,0.368577693998,0,0,0,1,0,0,0,0,0,q+ee+vel
clustermppi,Cluster-MPPI,183,over_left,pre_pick,0.03,0.05,0.2,0.179093375625,0.110028985105,0.364578029079,0,0,0,1,0,0,0,0,0,q+ee+vel
clustermppi,Cluster-MPPI,184,over_left,pick_low,0.03,0.05,0.2,0.843170505436,0.462922068275,0.295640666105,0,0,0,1,0,0,0,0,0,q+ee+vel
clustermppi,Cluster-MPPI,185,over_left,transfer_high,0.03,0.05,0.2,2.70491766282,0.754880039325,1.67202847106,162,0,0,0,0,0,0,0,0,q+ee+vel+col
clustermppi,Cluster-MPPI,186,over_left,pre_place,0.03,0.05,0.2,0.231000791913,0.134183565293,0.201787115386,0,0,0,1,0,0,0,0,0,q+ee+vel
clustermppi,Cluster-MPPI,187,over_left,place_low,0.03,0.05,0.2,0.256451218518,0.139314350442,0.268827726133,0,0,0,1,0,0,0,0,0,q+ee+vel
clustermppi,Cluster-MPPI,188,over_left,left_high,0.03,0.05,0.2,0.121300509748,0.0608275603359,0.328840308263,0,0,0,1,0,1,0,0,0,q+ee+vel
clustermppi,Cluster-MPPI,189,over_left,left_low,0.03,0.05,0.2,0.027979360527,0.0103932255682,0.15094097202,0,1,1,1,1,1,1,1,1,ok
clustermppi,Cluster-MPPI,190,over_left,right_high,0.03,0.05,0.2,0.167350421368,0.0978259191793,0.30199316688,0,0,0,1,0,0,0,0,0,q+ee+vel
clustermppi,Cluster-MPPI,191,over_left,right_low,0.03,0.05,0.2,0.193407407441,0.102705649409,0.126190112062,0,0,0,1,0,0,0,0,1,q+ee
clustermppi,Cluster-MPPI,192,over_left,over_right,0.03,0.05,0.2,0.172937909509,0.116084192435,0.279930188084,43,0,0,0,0,0,0,0,0,q+ee+vel+col
clustermppi,Cluster-MPPI,193,over_left,front_left_mid,0.03,0.05,0.2,0.162838528191,0.0980715559299,0.300848785212,0,0,0,1,0,0,0,0,0,q+ee+vel
clustermppi,Cluster-MPPI,194,over_left,front_right_mid,0.03,0.05,0.2,0.351815938665,0.223903413941,0.387195566254,0,0,0,1,0,0,0,0,0,q+ee+vel
clustermppi,Cluster-MPPI,195,over_right,home_mid,0.03,0.05,0.2,0.181796393794,0.0983837829557,0.50175143932,0,0,0,1,0,0,0,0,0,q+ee+vel
clustermppi,Cluster-MPPI,196,over_right,detour_high,0.03,0.05,0.2,0.10226012412,0.0866907496962,0.249529656128,0,0,0,1,0,0,0,0,0,q+ee+vel
clustermppi,Cluster-MPPI,197,over_right,goal_right,0.03,0.05,0.2,0.201911961445,0.142370910801,0.30853110951,0,0,0,1,0,0,0,0,0,q+ee+vel
clustermppi,Cluster-MPPI,198,over_right,pre_pick,0.03,0.05,0.2,0.0261750204354,0.0155141010653,0.191996472907,0,1,1,1,1,1,1,1,1,ok
clustermppi,Cluster-MPPI,199,over_right,pick_low,0.03,0.05,0.2,0.0430529487521,0.013957222466,0.303512986975,0,0,0,1,1,1,0,1,0,q+vel
clustermppi,Cluster-MPPI,200,over_right,transfer_high,0.03,0.05,0.2,0.250982619009,0.146131344182,0.31255410529,22,0,0,0,0,0,0,0,0,q+ee+vel+col
clustermppi,Cluster-MPPI,201,over_right,pre_place,0.03,0.05,0.2,0.314403146829,0.23417197127,0.422646072032,0,0,0,1,0,0,0,0,0,q+ee+vel
clustermppi,Cluster-MPPI,202,over_right,place_low,0.03,0.05,0.2,0.449516878346,0.252702508174,0.263718573275,0,0,0,1,0,0,0,0,0,q+ee+vel
clustermppi,Cluster-MPPI,203,over_right,left_high,0.03,0.05,0.2,0.0247148105413,0.00873217534896,0.192622938562,0,1,1,1,1,1,1,1,1,ok
clustermppi,Cluster-MPPI,204,over_right,left_low,0.03,0.05,0.2,0.0422668842032,0.0228731194154,0.186439074721,0,0,1,1,1,1,0,1,1,q
clustermppi,Cluster-MPPI,205,over_right,right_high,0.03,0.05,0.2,0.255381581419,0.203440824009,0.3152289257,0,0,0,1,0,0,0,0,0,q+ee+vel
clustermppi,Cluster-MPPI,206,over_right,right_low,0.03,0.05,0.2,0.365575384832,0.218913223768,0.357875365479,0,0,0,1,0,0,0,0,0,q+ee+vel
clustermppi,Cluster-MPPI,207,over_right,over_left,0.03,0.05,0.2,0.0633057990292,0.0303748994552,0.308119054234,26,0,0,0,1,1,0,1,0,q+vel+col
clustermppi,Cluster-MPPI,208,over_right,front_left_mid,0.03,0.05,0.2,0.0610832229264,0.0157165864738,0.182848455474,0,0,1,1,1,1,0,1,1,q
clustermppi,Cluster-MPPI,209,over_right,front_right_mid,0.03,0.05,0.2,0.544719350686,0.394519093835,0.236210438859,0,0,0,1,0,0,0,0,0,q+ee+vel
clustermppi,Cluster-MPPI,210,front_left_mid,home_mid,0.03,0.05,0.2,0.142684910195,0.0868320625136,0.319842142944,0,0,0,1,0,0,0,0,0,q+ee+vel
clustermppi,Cluster-MPPI,211,front_left_mid,detour_high,0.03,0.05,0.2,0.0298275998155,0.0131146854974,0.156421403973,0,1,1,1,1,1,1,1,1,ok
clustermppi,Cluster-MPPI,212,front_left_mid,goal_right,0.03,0.05,0.2,0.0162494847339,0.00856973269132,0.176590734277,0,1,1,1,1,1,1,1,1,ok
clustermppi,Cluster-MPPI,213,front_left_mid,pre_pick,0.03,0.05,0.2,0.183431038946,0.114166609961,0.320898453208,19,0,0,0,0,0,0,0,0,q+ee+vel+col
clustermppi,Cluster-MPPI,214,front_left_mid,pick_low,0.03,0.05,0.2,0.263610171994,0.148317838604,0.342133113441,12,0,0,0,0,0,0,0,0,q+ee+vel+col
clustermppi,Cluster-MPPI,215,front_left_mid,transfer_high,0.03,0.05,0.2,0.0577932088327,0.0202658719231,0.189477530281,11,0,1,0,1,1,0,1,1,q+col
clustermppi,Cluster-MPPI,216,front_left_mid,pre_place,0.03,0.05,0.2,0.0513058214106,0.0105425748651,0.220907274142,0,0,0,1,1,1,0,1,0,q+vel
clustermppi,Cluster-MPPI,217,front_left_mid,place_low,0.03,0.05,0.2,0.0689077938977,0.0265450731998,0.166974637702,0,0,1,1,1,1,0,1,1,q
clustermppi,Cluster-MPPI,218,front_left_mid,left_high,0.03,0.05,0.2,0.0847839621148,0.0388127672583,0.31903098981,22,0,0,0,1,1,0,1,0,q+vel+col
clustermppi,Cluster-MPPI,219,front_left_mid,left_low,0.03,0.05,0.2,0.14409652121,0.0825800869911,0.179761224521,9,0,0,0,0,0,0,0,1,q+ee+col
clustermppi,Cluster-MPPI,220,front_left_mid,right_high,0.03,0.05,0.2,0.0622753557999,0.0134686990201,0.170767383694,0,0,1,1,1,1,0,1,1,q
clustermppi,Cluster-MPPI,221,front_left_mid,right_low,0.03,0.05,0.2,0.0220097067267,0.00818909896876,0.157378043792,0,1,1,1,1,1,1,1,1,ok
clustermppi,Cluster-MPPI,222,front_left_mid,over_left,0.03,0.05,0.2,0.0955360343342,0.0602879650335,0.301834665109,41,0,0,0,0,1,0,0,0,q+ee+vel+col
clustermppi,Cluster-MPPI,223,front_left_mid,over_right,0.03,0.05,0.2,0.0278185314497,0.0187653010675,0.097721414168,0,1,1,1,1,1,1,1,1,ok
clustermppi,Cluster-MPPI,224,front_left_mid,front_right_mid,0.03,0.05,0.2,0.160794053031,0.104113155328,0.39097153415,0,0,0,1,0,0,0,0,0,q+ee+vel
clustermppi,Cluster-MPPI,225,front_right_mid,home_mid,0.03,0.05,0.2,1.63494158926,0.62421801406,2.11745794184,161,0,0,0,0,0,0,0,0,q+ee+vel+col
clustermppi,Cluster-MPPI,226,front_right_mid,detour_high,0.03,0.05,0.2,0.0794210268134,0.0202142775272,0.168219480769,0,0,1,1,1,1,0,1,1,q
clustermppi,Cluster-MPPI,227,front_right_mid,goal_right,0.03,0.05,0.2,0.11092910056,0.0623340356883,0.163755765864,0,0,0,1,0,1,0,0,1,q+ee
clustermppi,Cluster-MPPI,228,front_right_mid,pre_pick,0.03,0.05,0.2,0.0547931351808,0.0105774226742,0.262336473618,0,0,0,1,1,1,0,1,0,q+vel
clustermppi,Cluster-MPPI,229,front_right_mid,pick_low,0.03,0.05,0.2,0.0336935022565,0.0170156561536,0.183265157751,0,0,1,1,1,1,0,1,1,q
clustermppi,Cluster-MPPI,230,front_right_mid,transfer_high,0.03,0.05,0.2,0.0912186313588,0.0482381585365,0.283086123213,27,0,0,0,1,1,0,1,0,q+vel+col
clustermppi,Cluster-MPPI,231,front_right_mid,pre_place,0.03,0.05,0.2,0.141427442794,0.101404945677,0.278916949739,0,0,0,1,0,0,0,0,0,q+ee+vel
clustermppi,Cluster-MPPI,232,front_right_mid,place_low,0.03,0.05,0.2,0.367488756322,0.214646678367,0.363210247831,0,0,0,1,0,0,0,0,0,q+ee+vel
clustermppi,Cluster-MPPI,233,front_right_mid,left_high,0.03,0.05,0.2,0.0691565871899,0.0230351123213,0.269441285579,0,0,0,1,1,1,0,1,0,q+vel
clustermppi,Cluster-MPPI,234,front_right_mid,left_low,0.03,0.05,0.2,0.0385157781733,0.0170414001954,0.278789218681,0,0,0,1,1,1,0,1,0,q+vel
clustermppi,Cluster-MPPI,235,front_right_mid,right_high,0.03,0.05,0.2,0.0582388167562,0.0281405586304,0.157654745473,0,0,1,1,1,1,0,1,1,q
clustermppi,Cluster-MPPI,236,front_right_mid,right_low,0.03,0.05,0.2,0.252267454146,0.160405441596,0.279361344484,0,0,0,1,0,0,0,0,0,q+ee+vel
clustermppi,Cluster-MPPI,237,front_right_mid,over_left,0.03,0.05,0.2,0.0351973172845,0.0171188956955,0.128764381108,18,0,1,0,1,1,0,1,1,q+col
clustermppi,Cluster-MPPI,238,front_right_mid,over_right,0.03,0.05,0.2,0.1117195501,0.0513554832709,0.215944575201,24,0,0,0,0,1,0,0,0,q+ee+vel+col
clustermppi,Cluster-MPPI,239,front_right_mid,front_left_mid,0.03,0.05,0.2,0.0702465771239,0.0284685298024,0.211003171296,0,0,0,1,1,1,0,1,0,q+vel
bicmppi,BiC-MPPI,0,home_mid,detour_high,0.03,0.05,0.2,0.916057339415,0.601591954396,0.358888769026,0,0,0,1,0,0,0,0,0,q+ee+vel
bicmppi,BiC-MPPI,1,home_mid,goal_right,0.03,0.05,0.2,0.0702905449975,0.0304716085323,0.0428054944208,0,0,1,1,1,1,0,1,1,q
bicmppi,BiC-MPPI,2,home_mid,pre_pick,0.03,0.05,0.2,0.0222565439344,0.0132490817676,0.183163786117,98,1,1,0,1,1,1,1,1,col
bicmppi,BiC-MPPI,3,home_mid,pick_low,0.03,0.05,0.2,0.0293285915143,0.0176752465547,0.127639957039,0,1,1,1,1,1,1,1,1,ok
bicmppi,BiC-MPPI,4,home_mid,transfer_high,0.03,0.05,0.2,0.234969198161,0.150674226991,0.126181276623,70,0,0,0,0,0,0,0,1,q+ee+col
bicmppi,BiC-MPPI,5,home_mid,pre_place,0.03,0.05,0.2,0.707206421618,0.445546526683,0.158104989359,0,0,0,1,0,0,0,0,1,q+ee
bicmppi,BiC-MPPI,6,home_mid,place_low,0.03,0.05,0.2,0.558139029515,0.238192188377,0.189453751053,0,0,0,1,0,0,0,0,1,q+ee
bicmppi,BiC-MPPI,7,home_mid,left_high,0.03,0.05,0.2,0.029219043985,0.0148944436459,0.165207407597,83,1,1,0,1,1,1,1,1,col
bicmppi,BiC-MPPI,8,home_mid,left_low,0.03,0.05,0.2,0.0294565652451,0.0167426670785,0.159141340382,0,1,1,1,1,1,1,1,1,ok
bicmppi,BiC-MPPI,9,home_mid,right_high,0.03,0.05,0.2,0.127791763418,0.0743042613821,0.265233770875,0,0,0,1,0,0,0,0,0,q+ee+vel
bicmppi,BiC-MPPI,10,home_mid,right_low,0.03,0.05,0.2,0.676534609991,0.347479664898,0.0987286126665,0,0,0,1,0,0,0,0,1,q+ee
bicmppi,BiC-MPPI,11,home_mid,over_left,0.03,0.05,0.2,0.284048242222,0.100573535296,0.394486357266,34,0,0,0,0,0,0,0,0,q+ee+vel+col
bicmppi,BiC-MPPI,12,home_mid,over_right,0.03,0.05,0.2,0.216591851554,0.126886584353,0.164394305777,3,0,0,0,0,0,0,0,1,q+ee+col
bicmppi,BiC-MPPI,13,home_mid,front_left_mid,0.03,0.05,0.2,0.116827309407,0.0469281999915,0.112778290905,0,0,1,1,1,1,0,1,1,q
bicmppi,BiC-MPPI,14,home_mid,front_right_mid,0.03,0.05,0.2,0.463803114949,0.26949071454,0.151100730045,0,0,0,1,0,0,0,0,1,q+ee
bicmppi,BiC-MPPI,15,detour_high,home_mid,0.03,0.05,0.2,0.0258742940925,0.0179707894768,0.17576223718,0,1,1,1,1,1,1,1,1,ok
bicmppi,BiC-MPPI,16,detour_high,goal_right,0.03,0.05,0.2,0.126817025419,0.0282083954991,0.168746064462,0,0,1,1,1,1,0,1,1,q
bicmppi,BiC-MPPI,17,detour_high,pre_pick,0.03,0.05,0.2,0.0266649887362,0.0150516135439,0.183432310398,0,1,1,1,1,1,1,1,1,ok
bicmppi,BiC-MPPI,18,detour_high,pick_low,0.03,0.05,0.2,0.0260708761833,0.0102797805534,0.187899421604,0,1,1,1,1,1,1,1,1,ok
bicmppi,BiC-MPPI,19,detour_high,transfer_high,0.03,0.05,0.2,0.0279335995517,0.00789962830021,0.135744561927,30,1,1,0,1,1,1,1,1,col
bicmppi,BiC-MPPI,20,detour_high,pre_place,0.03,0.05,0.2,0.216142068621,0.0670964684206,0.345634709343,28,0,0,0,0,1,0,0,0,q+ee+vel+col
bicmppi,BiC-MPPI,21,detour_high,place_low,0.03,0.05,0.2,0.029238746923,0.0163773578533,0.137255449866,0,1,1,1,1,1,1,1,1,ok
bicmppi,BiC-MPPI,22,detour_high,left_high,0.03,0.05,0.2,0.028769099058,0.0157868927671,0.154421710699,0,1,1,1,1,1,1,1,1,ok
bicmppi,BiC-MPPI,23,detour_high,left_low,0.03,0.05,0.2,0.0299400147438,0.0168934486074,0.19206343864,0,1,1,1,1,1,1,1,1,ok
bicmppi,BiC-MPPI,24,detour_high,right_high,0.03,0.05,0.2,0.265952435833,0.119397375928,0.185428859627,44,0,0,0,0,0,0,0,1,q+ee+col
bicmppi,BiC-MPPI,25,detour_high,right_low,0.03,0.05,0.2,0.0282514165501,0.015488835322,0.126217415888,0,1,1,1,1,1,1,1,1,ok
bicmppi,BiC-MPPI,26,detour_high,over_left,0.03,0.05,0.2,0.0298897889244,0.00772306600687,0.192335319706,29,1,1,0,1,1,1,1,1,col
bicmppi,BiC-MPPI,27,detour_high,over_right,0.03,0.05,0.2,0.105710333823,0.0302371001007,0.139478598877,29,0,1,0,1,1,0,1,1,q+col
bicmppi,BiC-MPPI,28,detour_high,front_left_mid,0.03,0.05,0.2,0.0291706127071,0.0181165098058,0.152179628511,0,1,1,1,1,1,1,1,1,ok
bicmppi,BiC-MPPI,29,detour_high,front_right_mid,0.03,0.05,0.2,0.0296826984302,0.0204886723428,0.15769210727,0,1,1,1,1,1,1,1,1,ok
bicmppi,BiC-MPPI,30,goal_right,home_mid,0.03,0.05,0.2,0.0291897393629,0.0191219549574,0.129586025891,0,1,1,1,1,1,1,1,1,ok
bicmppi,BiC-MPPI,31,goal_right,detour_high,0.03,0.05,0.2,0.0208878873734,0.0166675842141,0.186023861818,0,1,1,1,1,1,1,1,1,ok
bicmppi,BiC-MPPI,32,goal_right,pre_pick,0.03,0.05,0.2,0.0297230437894,0.0174953740117,0.143753705798,0,1,1,1,1,1,1,1,1,ok
bicmppi,BiC-MPPI,33,goal_right,pick_low,0.03,0.05,0.2,0.0292348551564,0.016296176589,0.102925405981,0,1,1,1,1,1,1,1,1,ok
bicmppi,BiC-MPPI,34,goal_right,transfer_high,0.03,0.05,0.2,0.029117670237,0.0169762864886,0.177981924214,0,1,1,1,1,1,1,1,1,ok
bicmppi,BiC-MPPI,35,goal_right,pre_place,0.03,0.05,0.2,0.074870476141,0.0291782436237,0.223591417115,109,0,0,0,1,1,0,1,0,q+vel+col
bicmppi,BiC-MPPI,36,goal_right,place_low,0.03,0.05,0.2,0.141568563324,0.0436325162225,0.204941052062,68,0,0,0,1,1,0,1,0,q+vel+col
bicmppi,BiC-MPPI,37,goal_right,left_high,0.03,0.05,0.2,0.0293584502101,0.0176793521862,0.117605030059,0,1,1,1,1,1,1,1,1,ok
bicmppi,BiC-MPPI,38,goal_right,left_low,0.03,0.05,0.2,0.0283542954087,0.0152948366325,0.142808278346,0,1,1,1,1,1,1,1,1,ok
bicmppi,BiC-MPPI,39,goal_right,right_high,0.03,0.05,0.2,0.161292775191,0.0769486224903,0.156178927954,85,0,0,0,0,0,0,0,1,q+ee+col
bicmppi,BiC-MPPI,40,goal_right,right_low,0.03,0.05,0.2,0.548403117575,0.159104499697,1.20918700321,174,0,0,0,0,0,0,0,0,q+ee+vel+col
bicmppi,BiC-MPPI,41,goal_right,over_left,0.03,0.05,0.2,0.0289590802911,0.015365054906,0.131928597679,0,1,1,1,1,1,1,1,1,ok
bicmppi,BiC-MPPI,42,goal_right,over_right,0.03,0.05,0.2,0.0292583832546,0.00935251593946,0.158377183679,56,1,1,0,1,1,1,1,1,col
bicmppi,BiC-MPPI,43,goal_right,front_left_mid,0.03,0.05,0.2,0.0279465585735,0.017751328841,0.110696045286,0,1,1,1,1,1,1,1,1,ok
bicmppi,BiC-MPPI,44,goal_right,front_right_mid,0.03,0.05,0.2,0.0297099025925,0.0202509837471,0.14016819192,0,1,1,1,1,1,1,1,1,ok
bicmppi,BiC-MPPI,45,pre_pick,home_mid,0.03,0.05,0.2,0.616396578434,0.384997089339,0.0962818710463,0,0,0,1,0,0,0,0,1,q+ee
bicmppi,BiC-MPPI,46,pre_pick,detour_high,0.03,0.05,0.2,0.0293614003223,0.0234851548448,0.180518221682,0,1,1,1,1,1,1,1,1,ok
bicmppi,BiC-MPPI,47,pre_pick,goal_right,0.03,0.05,0.2,0.0295021567482,0.0187498190709,0.120287294659,0,1,1,1,1,1,1,1,1,ok
bicmppi,BiC-MPPI,48,pre_pick,pick_low,0.03,0.05,0.2,0.229028948742,0.119919480242,0.185428966814,0,0,0,1,0,0,0,0,1,q+ee
bicmppi,BiC-MPPI,49,pre_pick,transfer_high,0.03,0.05,0.2,0.727803587971,0.410941645534,0.22978656597,0,0,0,1,0,0,0,0,0,q+ee+vel
bicmppi,BiC-MPPI,50,pre_pick,pre_place,0.03,0.05,0.2,0.0291078225107,0.0209604777627,0.123561080542,0,1,1,1,1,1,1,1,1,ok
bicmppi,BiC-MPPI,51,pre_pick,place_low,0.03,0.05,0.2,0.06554464769,0.0247405298017,0.0556773490257,0,0,1,1,1,1,0,1,1,q
bicmppi,BiC-MPPI,52,pre_pick,left_high,0.03,0.05,0.2,0.27584430206,0.123523322523,0.199797971924,86,0,0,0,0,0,0,0,1,q+ee+col
bicmppi,BiC-MPPI,53,pre_pick,left_low,0.03,0.05,0.2,0.275624254422,0.0976188474668,0.149513819091,56,0,0,0,0,0,0,0,1,q+ee+col
bicmppi,BiC-MPPI,54,pre_pick,right_high,0.03,0.05,0.2,0.0295630266793,0.0203053299592,0.118761831792,0,1,1,1,1,1,1,1,1,ok
bicmppi,BiC-MPPI,55,pre_pick,right_low,0.03,0.05,0.2,0.029136746444,0.0184862018421,0.116203435849,0,1,1,1,1,1,1,1,1,ok
bicmppi,BiC-MPPI,56,pre_pick,over_left,0.03,0.05,0.2,0.161668321078,0.109706170972,0.332344575004,0,0,0,1,0,0,0,0,0,q+ee+vel
bicmppi,BiC-MPPI,57,pre_pick,over_right,0.03,0.05,0.2,0.902458752351,0.503860211347,0.287452711979,0,0,0,1,0,0,0,0,0,q+ee+vel
bicmppi,BiC-MPPI,58,pre_pick,front_left_mid,0.03,0.05,0.2,0.342496810295,0.211634172559,0.248265105853,109,0,0,0,0,0,0,0,0,q+ee+vel+col
bicmppi,BiC-MPPI,59,pre_pick,front_right_mid,0.03,0.05,0.2,0.671895409432,0.399268231534,0.128407033401,0,0,0,1,0,0,0,0,1,q+ee
bicmppi,BiC-MPPI,60,pick_low,home_mid,0.03,0.05,0.2,0.10042496605,0.0678217021699,0.21937552313,0,0,0,1,0,1,0,0,0,q+ee+vel
bicmppi,BiC-MPPI,61,pick_low,detour_high,0.03,0.05,0.2,0.0292851047173,0.0155037782257,0.102814872637,0,1,1,1,1,1,1,1,1,ok
bicmppi,BiC-MPPI,62,pick_low,goal_right,0.03,0.05,0.2,0.0294257941867,0.0171723009814,0.141235245232,0,1,1,1,1,1,1,1,1,ok
bicmppi,BiC-MPPI,63,pick_low,pre_pick,0.03,0.05,0.2,0.161306754743,0.094916494882,0.147053407909,35,0,0,0,0,0,0,0,1,q+ee+col
bicmppi,BiC-MPPI,64,pick_low,transfer_high,0.03,0.05,0.2,0.027563686656,0.0144672664286,0.185631238848,0,1,1,1,1,1,1,1,1,ok
bicmppi,BiC-MPPI,65,pick_low,pre_place,0.03,0.05,0.2,0.0288830439702,0.0165171468224,0.107508773503,0,1,1,1,1,1,1,1,1,ok
bicmppi,BiC-MPPI,66,pick_low,place_low,0.03,0.05,0.2,0.0291044934964,0.0179121530178,0.140598910603,0,1,1,1,1,1,1,1,1,ok
bicmppi,BiC-MPPI,67,pick_low,left_high,0.03,0.05,0.2,0.0868777000104,0.0514158368663,0.212322383153,50,0,0,0,0,1,0,0,0,q+ee+vel+col
bicmppi,BiC-MPPI,68,pick_low,left_low,0.03,0.05,0.2,0.74404585527,0.210050811936,1.1470397308,181,0,0,0,0,0,0,0,0,q+ee+vel+col
bicmppi,BiC-MPPI,69,pick_low,right_high,0.03,0.05,0.2,0.029715756852,0.0104455027404,0.0902456091632,0,1,1,1,1,1,1,1,1,ok
bicmppi,BiC-MPPI,70,pick_low,right_low,0.03,0.05,0.2,0.0280930613399,0.0166668326458,0.187133448669,0,1,1,1,1,1,1,1,1,ok
bicmppi,BiC-MPPI,71,pick_low,over_left,0.03,0.05,0.2,0.0574720421968,0.0379088307268,0.0577402043506,0,0,1,1,1,1,0,1,1,q
bicmppi,BiC-MPPI,72,pick_low,over_right,0.03,0.05,0.2,0.0257353039002,0.0120926377479,0.197492036621,0,1,1,1,1,1,1,1,1,ok
bicmppi,BiC-MPPI,73,pick_low,front_left_mid,0.03,0.05,0.2,0.253526057167,0.156487035003,0.14088688509,41,0,0,0,0,0,0,0,1,q+ee+col
bicmppi,BiC-MPPI,74,pick_low,front_right_mid,0.03,0.05,0.2,0.0661019771115,0.0440296283489,0.0682958235344,0,0,1,1,1,1,0,1,1,q
bicmppi,BiC-MPPI,75,transfer_high,home_mid,0.03,0.05,0.2,0.338909863058,0.155332777014,0.105756466142,75,0,0,0,0,0,0,0,1,q+ee+col
bicmppi,BiC-MPPI,76,transfer_high,detour_high,0.03,0.05,0.2,0.134321107622,0.10405000169,0.233705497624,0,0,0,1,0,0,0,0,0,q+ee+vel
bicmppi,BiC-MPPI,77,transfer_high,goal_right,0.03,0.05,0.2,0.689741695885,0.460065553028,0.124573471771,0,0,0,1,0,0,0,0,1,q+ee
bicmppi,BiC-MPPI,78,transfer_high,pre_pick,0.03,0.05,0.2,0.0297991962212,0.0185495586401,0.114553612498,0,1,1,1,1,1,1,1,1,ok
bicmppi,BiC-MPPI,79,transfer_high,pick_low,0.03,0.05,0.2,0.0288762074901,0.0152507644613,0.155732970749,0,1,1,1,1,1,1,1,1,ok
bicmppi,BiC-MPPI,80,transfer_high,pre_place,0.03,0.05,0.2,0.305381651462,0.2185986071,0.0786579728268,0,0,0,1,0,0,0,0,1,q+ee
bicmppi,BiC-MPPI,81,transfer_high,place_low,0.03,0.05,0.2,0.4557729444,0.227346401564,0.191090202439,0,0,0,1,0,0,0,0,1,q+ee
bicmppi,BiC-MPPI,82,transfer_high,left_high,0.03,0.05,0.2,0.0298765511528,0.0226860700253,0.118173263911,0,1,1,1,1,1,1,1,1,ok
bicmppi,BiC-MPPI,83,transfer_high,left_low,0.03,0.05,0.2,0.0284370936396,0.0151889857621,0.178797587534,0,1,1,1,1,1,1,1,1,ok
bicmppi,BiC-MPPI,84,transfer_high,right_high,0.03,0.05,0.2,0.315817919088,0.162728031104,0.113675914895,0,0,0,1,0,0,0,0,1,q+ee
bicmppi,BiC-MPPI,85,transfer_high,right_low,0.03,0.05,0.2,0.571589771869,0.301584054735,0.229110980885,0,0,0,1,0,0,0,0,0,q+ee+vel
bicmppi,BiC-MPPI,86,transfer_high,over_left,0.03,0.05,0.2,0.306115910842,0.093170498633,0.136917560343,50,0,0,0,0,0,0,0,1,q+ee+col
bicmppi,BiC-MPPI,87,transfer_high,over_right,0.03,0.05,0.2,0.49896267018,0.262696868881,0.250245059601,38,0,0,0,0,0,0,0,0,q+ee+vel+col
bicmppi,BiC-MPPI,88,transfer_high,front_left_mid,0.03,0.05,0.2,0.103366410778,0.0251216503303,0.187957506591,0,0,1,1,1,1,0,1,1,q
bicmppi,BiC-MPPI,89,transfer_high,front_right_mid,0.03,0.05,0.2,0.473465714809,0.331329470375,0.28706174707,0,0,0,1,0,0,0,0,0,q+ee+vel
bicmppi,BiC-MPPI,90,pre_place,home_mid,0.03,0.05,0.2,0.0296008597526,0.0215564069241,0.108661735097,0,1,1,1,1,1,1,1,1,ok
bicmppi,BiC-MPPI,91,pre_place,detour_high,0.03,0.05,0.2,0.109525850581,0.0972349274721,0.103302630636,0,0,0,1,0,0,0,0,1,q+ee
bicmppi,BiC-MPPI,92,pre_place,goal_right,0.03,0.05,0.2,0.371216831653,0.266493264529,0.162191338147,0,0,0,1,0,0,0,0,1,q+ee
bicmppi,BiC-MPPI,93,pre_place,pre_pick,0.03,0.05,0.2,0.0286643602735,0.0205521144466,0.117540473834,0,1,1,1,1,1,1,1,1,ok
bicmppi,BiC-MPPI,94,pre_place,pick_low,0.03,0.05,0.2,0.0298640316545,0.0162111999793,0.156369579023,0,1,1,1,1,1,1,1,1,ok
bicmppi,BiC-MPPI,95,pre_place,transfer_high,0.03,0.05,0.2,0.0274947833052,0.0131381062191,0.164403312155,62,1,1,0,1,1,1,1,1,col
bicmppi,BiC-MPPI,96,pre_place,place_low,0.03,0.05,0.2,0.202336934937,0.111601404227,0.274170529217,0,0,0,1,0,0,0,0,0,q+ee+vel
bicmppi,BiC-MPPI,97,pre_place,left_high,0.03,0.05,0.2,0.0298666755477,0.0211160372926,0.10605397538,0,1,1,1,1,1,1,1,1,ok
bicmppi,BiC-MPPI,98,pre_place,left_low,0.03,0.05,0.2,0.0266978107814,0.0138010408671,0.166618708654,0,1,1,1,1,1,1,1,1,ok
bicmppi,BiC-MPPI,99,pre_place,right_high,0.03,0.05,0.2,0.384701086287,0.251580116553,0.194446724036,126,0,0,0,0,0,0,0,1,q+ee+col
bicmppi,BiC-MPPI,100,pre_place,right_low,0.03,0.05,0.2,0.309013289709,0.18014177526,0.274839626404,0,0,0,1,0,0,0,0,0,q+ee+vel
bicmppi,BiC-MPPI,101,pre_place,over_left,0.03,0.05,0.2,0.0281387565168,0.0147765226003,0.19553162951,37,1,1,0,1,1,1,1,1,col
bicmppi,BiC-MPPI,102,pre_place,over_right,0.03,0.05,0.2,0.219238285056,0.071560816921,0.469297666722,53,0,0,0,0,0,0,0,0,q+ee+vel+col
bicmppi,BiC-MPPI,103,pre_place,front_left_mid,0.03,0.05,0.2,0.0285510264609,0.0187230736502,0.115970070684,0,1,1,1,1,1,1,1,1,ok
bicmppi,BiC-MPPI,104,pre_place,front_right_mid,0.03,0.05,0.2,0.184275044626,0.064396975192,0.122958342578,0,0,0,1,0,1,0,0,1,q+ee
bicmppi,BiC-MPPI,105,place_low,home_mid,0.03,0.05,0.2,0.0238961021325,0.005188829758,0.182855408076,59,1,1,0,1,1,1,1,1,col
bicmppi,BiC-MPPI,106,place_low,detour_high,0.03,0.05,0.2,0.0281074177941,0.0174923074204,0.159038698769,0,1,1,1,1,1,1,1,1,ok
bicmppi,BiC-MPPI,107,place_low,goal_right,0.03,0.05,0.2,0.28214082874,0.157962779165,0.109234612213,0,0,0,1,0,0,0,0,1,q+ee
bicmppi,BiC-MPPI,108,place_low,pre_pick,0.03,0.05,0.2,0.0271122929493,0.0167943307645,0.175156107746,0,1,1,1,1,1,1,1,1,ok
bicmppi,BiC-MPPI,109,place_low,pick_low,0.03,0.05,0.2,0.0291587107416,0.0155180731571,0.174542254061,0,1,1,1,1,1,1,1,1,ok
bicmppi,BiC-MPPI,110,place_low,transfer_high,0.03,0.05,0.2,0.0102148291946,0.00341946882821,0.181684170391,69,1,1,0,1,1,1,1,1,col
bicmppi,BiC-MPPI,111,place_low,pre_place,0.03,0.05,0.2,0.21549202931,0.115329170752,0.239135883849,36,0,0,0,0,0,0,0,0,q+ee+vel+col
bicmppi,BiC-MPPI,112,place_low,left_high,0.03,0.05,0.2,0.0286376677301,0.0166486201661,0.132464102102,0,1,1,1,1,1,1,1,1,ok
bicmppi,BiC-MPPI,113,place_low,left_low,0.03,0.05,0.2,0.0291480654495,0.0166426869473,0.145799166918,0,1,1,1,1,1,1,1,1,ok
bicmppi,BiC-MPPI,114,place_low,right_high,0.03,0.05,0.2,0.089303368755,0.0698032487885,0.174786770115,0,0,0,1,0,1,0,0,1,q+ee
bicmppi,BiC-MPPI,115,place_low,right_low,0.03,0.05,0.2,0.259498443285,0.164358626349,0.263959661365,86,0,0,0,0,0,0,0,0,q+ee+vel+col
bicmppi,BiC-MPPI,116,place_low,over_left,0.03,0.05,0.2,0.0295841942575,0.0088018766517,0.195225982595,60,1,1,0,1,1,1,1,1,col
bicmppi,BiC-MPPI,117,place_low,over_right,0.03,0.05,0.2,0.028534475977,0.0112795377349,0.185831851076,44,1,1,0,1,1,1,1,1,col
bicmppi,BiC-MPPI,118,place_low,front_left_mid,0.03,0.05,0.2,0.0277860799849,0.016597599781,0.149369941254,0,1,1,1,1,1,1,1,1,ok
bicmppi,BiC-MPPI,119,place_low,front_right_mid,0.03,0.05,0.2,0.236073353095,0.0840808141302,0.232383147039,57,0,0,0,0,0,0,0,0,q+ee+vel+col
bicmppi,BiC-MPPI,120,left_high,home_mid,0.03,0.05,0.2,0.644622252187,0.373162982987,0.217338726579,0,0,0,1,0,0,0,0,0,q+ee+vel
bicmppi,BiC-MPPI,121,left_high,detour_high,0.03,0.05,0.2,0.0284938010155,0.0236100235801,0.196867897015,0,1,1,1,1,1,1,1,1,ok
bicmppi,BiC-MPPI,122,left_high,goal_right,0.03,0.05,0.2,0.145643402983,0.0733755798548,0.267408675248,0,0,0,1,0,0,0,0,0,q+ee+vel
bicmppi,BiC-MPPI,123,left_high,pre_pick,0.03,0.05,0.2,0.400578275949,0.27771419631,0.180715476429,132,0,0,0,0,0,0,0,1,q+ee+col
bicmppi,BiC-MPPI,124,left_high,pick_low,0.03,0.05,0.2,0.569153206395,0.349117865027,0.180553393119,0,0,0,1,0,0,0,0,1,q+ee
bicmppi,BiC-MPPI,125,left_high,transfer_high,0.03,0.05,0.2,0.185677522872,0.0971940054627,0.181724481633,0,0,0,1,0,0,0,0,1,q+ee
bicmppi,BiC-MPPI,126,left_high,pre_place,0.03,0.05,0.2,0.0488084835826,0.0194715805541,0.0624225212095,0,0,1,1,1,1,0,1,1,q
bicmppi,BiC-MPPI,127,left_high,place_low,0.03,0.05,0.2,0.0297130728025,0.0175058716284,0.12714394608,0,1,1,1,1,1,1,1,1,ok
bicmppi,BiC-MPPI,128,left_high,left_low,0.03,0.05,0.2,0.573822734746,0.363729080021,0.215105878632,0,0,0,1,0,0,0,0,0,q+ee+vel
bicmppi,BiC-MPPI,129,left_high,right_high,0.03,0.05,0.2,0.0291853350417,0.021383171215,0.129093858714,0,1,1,1,1,1,1,1,1,ok
bicmppi,BiC-MPPI,130,left_high,right_low,0.03,0.05,0.2,0.0293878260856,0.0167448855799,0.0616203299925,0,1,1,1,1,1,1,1,1,ok
bicmppi,BiC-MPPI,131,left_high,over_left,0.03,0.05,0.2,0.685447992209,0.345091811311,0.0802912605225,0,0,0,1,0,0,0,0,1,q+ee
bicmppi,BiC-MPPI,132,left_high,over_right,0.03,0.05,0.2,0.0905857705222,0.0453663626655,0.148317578347,0,0,1,1,1,1,0,1,1,q
bicmppi,BiC-MPPI,133,left_high,front_left_mid,0.03,0.05,0.2,0.390171711122,0.210969504241,0.0399059142711,0,0,0,1,0,0,0,0,1,q+ee
bicmppi,BiC-MPPI,134,left_high,front_right_mid,0.03,0.05,0.2,0.093196236677,0.0591996836752,0.191203118909,0,0,0,1,0,1,0,0,1,q+ee
bicmppi,BiC-MPPI,135,left_low,home_mid,0.03,0.05,0.2,0.0746889408506,0.0441722582843,0.0780268264491,0,0,1,1,1,1,0,1,1,q
bicmppi,BiC-MPPI,136,left_low,detour_high,0.03,0.05,0.2,0.028199611537,0.0226770965956,0.192558222754,0,1,1,1,1,1,1,1,1,ok
bicmppi,BiC-MPPI,137,left_low,goal_right,0.03,0.05,0.2,0.0576148613084,0.0279422209763,0.0544269253408,0,0,1,1,1,1,0,1,1,q
bicmppi,BiC-MPPI,138,left_low,pre_pick,0.03,0.05,0.2,0.268484853643,0.159827018049,0.306840387164,4,0,0,0,0,0,0,0,0,q+ee+vel+col
bicmppi,BiC-MPPI,139,left_low,pick_low,0.03,0.05,0.2,0.453003271628,0.271630893927,0.20663733172,21,0,0,0,0,0,0,0,0,q+ee+vel+col
bicmppi,BiC-MPPI,140,left_low,transfer_high,0.03,0.05,0.2,0.0296924820268,0.0170229300607,0.131250743215,0,1,1,1,1,1,1,1,1,ok
bicmppi,BiC-MPPI,141,left_low,pre_place,0.03,0.05,0.2,0.0296561126607,0.013537689517,0.104163009185,0,1,1,1,1,1,1,1,1,ok
bicmppi,BiC-MPPI,142,left_low,place_low,0.03,0.05,0.2,0.0295453198478,0.016758892477,0.186426080882,0,1,1,1,1,1,1,1,1,ok
bicmppi,BiC-MPPI,143,left_low,left_high,0.03,0.05,0.2,0.232392557915,0.125585120249,0.453889639503,44,0,0,0,0,0,0,0,0,q+ee+vel+col
bicmppi,BiC-MPPI,144,left_low,right_high,0.03,0.05,0.2,0.029710305436,0.0110771875941,0.0823237825209,0,1,1,1,1,1,1,1,1,ok
bicmppi,BiC-MPPI,145,left_low,right_low,0.03,0.05,0.2,0.0284487105681,0.0130508216364,0.107145948503,0,1,1,1,1,1,1,1,1,ok
bicmppi,BiC-MPPI,146,left_low,over_left,0.03,0.05,0.2,0.0580129517049,0.0357246794449,0.174304902226,0,0,1,1,1,1,0,1,1,q
bicmppi,BiC-MPPI,147,left_low,over_right,0.03,0.05,0.2,0.0281130595004,0.0134859766165,0.175159756813,0,1,1,1,1,1,1,1,1,ok
bicmppi,BiC-MPPI,148,left_low,front_left_mid,0.03,0.05,0.2,0.253864191549,0.165066047438,0.297736363537,0,0,0,1,0,0,0,0,0,q+ee+vel
bicmppi,BiC-MPPI,149,left_low,front_right_mid,0.03,0.05,0.2,0.0290064970555,0.0196900219584,0.113631739616,0,1,1,1,1,1,1,1,1,ok
bicmppi,BiC-MPPI,150,right_high,home_mid,0.03,0.05,0.2,0.0292369145432,0.0202906594032,0.121594236338,0,1,1,1,1,1,1,1,1,ok
bicmppi,BiC-MPPI,151,right_high,detour_high,0.03,0.05,0.2,0.431025104464,0.280975459699,0.142947561829,102,0,0,0,0,0,0,0,1,q+ee+col
bicmppi,BiC-MPPI,152,right_high,goal_right,0.03,0.05,0.2,0.292511199401,0.190676542462,0.0979776063073,0,0,0,1,0,0,0,0,1,q+ee
bicmppi,BiC-MPPI,153,right_high,pre_pick,0.03,0.05,0.2,0.0273972420334,0.0182460806723,0.16947210797,0,1,1,1,1,1,1,1,1,ok
bicmppi,BiC-MPPI,154,right_high,pick_low,0.03,0.05,0.2,0.0282536353812,0.0141005703517,0.146591920213,0,1,1,1,1,1,1,1,1,ok
bicmppi,BiC-MPPI,155,right_high,transfer_high,0.03,0.05,0.2,0.0252255557927,0.0144693806485,0.192461323117,76,1,1,0,1,1,1,1,1,col
bicmppi,BiC-MPPI,156,right_high,pre_place,0.03,0.05,0.2,0.212640949937,0.143695353879,0.274410013134,133,0,0,0,0,0,0,0,0,q+ee+vel+col
bicmppi,BiC-MPPI,157,right_high,place_low,0.03,0.05,0.2,0.124048391127,0.0463116314963,0.230595512319,0,0,0,1,1,1,0,1,0,q+vel
bicmppi,BiC-MPPI,158,right_high,left_high,0.03,0.05,0.2,0.0288439774788,0.0197207262434,0.112152795175,0,1,1,1,1,1,1,1,1,ok
bicmppi,BiC-MPPI,159,right_high,left_low,0.03,0.05,0.2,0.0294591144094,0.0165900440191,0.142852148411,0,1,1,1,1,1,1,1,1,ok
bicmppi,BiC-MPPI,160,right_high,right_low,0.03,0.05,0.2,0.567742666534,0.381518741553,0.141758934673,0,0,0,1,0,0,0,0,1,q+ee
bicmppi,BiC-MPPI,161,right_high,over_left,0.03,0.05,0.2,0.028615730973,0.0181293975627,0.127732528193,0,1,1,1,1,1,1,1,1,ok
bicmppi,BiC-MPPI,162,right_high,over_right,0.03,0.05,0.2,0.0735085813492,0.0192345002967,0.0585475875641,74,0,1,0,1,1,0,1,1,q+col
bicmppi,BiC-MPPI,163,right_high,front_left_mid,0.03,0.05,0.2,0.0293615065874,0.0193458122224,0.162874022412,0,1,1,1,1,1,1,1,1,ok
bicmppi,BiC-MPPI,164,right_high,front_right_mid,0.03,0.05,0.2,0.0280400353349,0.0187978369571,0.12221774624,0,1,1,1,1,1,1,1,1,ok
bicmppi,BiC-MPPI,165,right_low,home_mid,0.03,0.05,0.2,0.0288668048728,0.0178951872844,0.11631714941,0,1,1,1,1,1,1,1,1,ok
bicmppi,BiC-MPPI,166,right_low,detour_high,0.03,0.05,0.2,0.0288014045606,0.011355944686,0.157093022472,0,1,1,1,1,1,1,1,1,ok
bicmppi,BiC-MPPI,167,right_low,goal_right,0.03,0.05,0.2,0.265886994193,0.195021965244,0.22335631069,98,0,0,0,0,0,0,0,0,q+ee+vel+col
bicmppi,BiC-MPPI,168,right_low,pre_pick,0.03,0.05,0.2,0.0298595792394,0.0185512614343,0.159224992062,0,1,1,1,1,1,1,1,1,ok
bicmppi,BiC-MPPI,169,right_low,pick_low,0.03,0.05,0.2,0.0279261341451,0.015155315636,0.136433286928,0,1,1,1,1,1,1,1,1,ok
bicmppi,BiC-MPPI,170,right_low,transfer_high,0.03,0.05,0.2,0.0283703246368,0.010378098648,0.185506117268,96,1,1,0,1,1,1,1,1,col
bicmppi,BiC-MPPI,171,right_low,pre_place,0.03,0.05,0.2,0.256648884982,0.122352536158,0.16188811634,61,0,0,0,0,0,0,0,1,q+ee+col
bicmppi,BiC-MPPI,172,right_low,place_low,0.03,0.05,0.2,0.823780237045,0.217668634083,1.01881286141,173,0,0,0,0,0,0,0,0,q+ee+vel+col
bicmppi,BiC-MPPI,173,right_low,left_high,0.03,0.05,0.2,0.029115613875,0.018158683019,0.133174878925,0,1,1,1,1,1,1,1,1,ok
bicmppi,BiC-MPPI,174,right_low,left_low,0.03,0.05,0.2,0.0293567411015,0.0164576986162,0.152989973689,0,1,1,1,1,1,1,1,1,ok
bicmppi,BiC-MPPI,175,right_low,right_high,0.03,0.05,0.2,0.248379052302,0.138551157897,0.422872411754,40,0,0,0,0,0,0,0,0,q+ee+vel+col
bicmppi,BiC-MPPI,176,right_low,over_left,0.03,0.05,0.2,0.0284904648728,0.0149816079711,0.133517538095,0,1,1,1,1,1,1,1,1,ok
bicmppi,BiC-MPPI,177,right_low,over_right,0.03,0.05,0.2,0.0289684904246,0.00681829746183,0.159363207882,42,1,1,0,1,1,1,1,1,col
bicmppi,BiC-MPPI,178,right_low,front_left_mid,0.03,0.05,0.2,0.0285605768008,0.0179857938384,0.134525622842,0,1,1,1,1,1,1,1,1,ok
bicmppi,BiC-MPPI,179,right_low,front_right_mid,0.03,0.05,0.2,0.0260204165388,0.0123580544344,0.198887241519,75,1,1,0,1,1,1,1,1,col
bicmppi,BiC-MPPI,180,over_left,home_mid,0.03,0.05,0.2,0.437290523398,0.258859622281,0.150363219083,0,0,0,1,0,0,0,0,1,q+ee
bicmppi,BiC-MPPI,181,over_left,detour_high,0.03,0.05,0.2,0.144533028956,0.109026444493,0.266434511101,0,0,0,1,0,0,0,0,0,q+ee+vel
bicmppi,BiC-MPPI,182,over_left,goal_right,0.03,0.05,0.2,0.14636352049,0.0884308009203,0.120752453074,0,0,0,1,0,0,0,0,1,q+ee
bicmppi,BiC-MPPI,183,over_left,pre_pick,0.03,0.05,0.2,0.262689961497,0.107501112409,0.0767984024733,51,0,0,0,0,0,0,0,1,q+ee+col
bicmppi,BiC-MPPI,184,over_left,pick_low,0.03,0.05,0.2,0.136969144488,0.037140059878,0.202227989199,0,0,0,1,1,1,0,1,0,q+vel
bicmppi,BiC-MPPI,185,over_left,transfer_high,0.03,0.05,0.2,0.553183978596,0.309288434203,0.166457103712,0,0,0,1,0,0,0,0,1,q+ee
bicmppi,BiC-MPPI,186,over_left,pre_place,0.03,0.05,0.2,0.306133122345,0.153693244094,0.0735148552214,0,0,0,1,0,0,0,0,1,q+ee
bicmppi,BiC-MPPI,187,over_left,place_low,0.03,0.05,0.2,0.695831504592,0.34926539586,0.151313691951,0,0,0,1,0,0,0,0,1,q+ee
bicmppi,BiC-MPPI,188,over_left,left_high,0.03,0.05,0.2,0.186247838345,0.0667581244022,0.157638589157,67,0,0,0,0,1,0,0,1,q+ee+col
bicmppi,BiC-MPPI,189,over_left,left_low,0.03,0.05,0.2,0.0297955122226,0.0175027168804,0.176804440399,0,1,1,1,1,1,1,1,1,ok
bicmppi,BiC-MPPI,190,over_left,right_high,0.03,0.05,0.2,0.17482623026,0.100430395292,0.244095708219,0,0,0,1,0,0,0,0,0,q+ee+vel
bicmppi,BiC-MPPI,191,over_left,right_low,0.03,0.05,0.2,0.799265136177,0.420645897894,0.161792149672,0,0,0,1,0,0,0,0,1,q+ee
bicmppi,BiC-MPPI,192,over_left,over_right,0.03,0.05,0.2,0.728535830218,0.367629117269,0.175497106349,0,0,0,1,0,0,0,0,1,q+ee
bicmppi,BiC-MPPI,193,over_left,front_left_mid,0.03,0.05,0.2,0.204348423551,0.0998374220133,0.176545223663,0,0,0,1,0,0,0,0,1,q+ee
bicmppi,BiC-MPPI,194,over_left,front_right_mid,0.03,0.05,0.2,0.397828232853,0.233107301651,0.151719459562,0,0,0,1,0,0,0,0,1,q+ee
bicmppi,BiC-MPPI,195,over_right,home_mid,0.03,0.05,0.2,0.229879545177,0.107387795164,0.315216642642,0,0,0,1,0,0,0,0,0,q+ee+vel
bicmppi,BiC-MPPI,196,over_right,detour_high,0.03,0.05,0.2,0.129070087864,0.0823326282515,0.441214313525,0,0,0,1,0,0,0,0,0,q+ee+vel
bicmppi,BiC-MPPI,197,over_right,goal_right,0.03,0.05,0.2,0.542604417941,0.376125623539,0.130546030152,0,0,0,1,0,0,0,0,1,q+ee
bicmppi,BiC-MPPI,198,over_right,pre_pick,0.03,0.05,0.2,0.0288965595296,0.0204271002016,0.107569794143,0,1,1,1,1,1,1,1,1,ok
bicmppi,BiC-MPPI,199,over_right,pick_low,0.03,0.05,0.2,0.0299415509721,0.01709256463,0.135802220783,0,1,1,1,1,1,1,1,1,ok
bicmppi,BiC-MPPI,200,over_right,transfer_high,0.03,0.05,0.2,0.274373116574,0.133982082592,0.191106551661,100,0,0,0,0,0,0,0,1,q+ee+col
bicmppi,BiC-MPPI,201,over_right,pre_place,0.03,0.05,0.2,0.450577230375,0.27652570584,0.156383908258,0,0,0,1,0,0,0,0,1,q+ee
bicmppi,BiC-MPPI,202,over_right,place_low,0.03,0.05,0.2,0.618602185608,0.370589531515,0.500359491827,0,0,0,1,0,0,0,0,0,q+ee+vel
bicmppi,BiC-MPPI,203,over_right,left_high,0.03,0.05,0.2,0.0283377837323,0.0217042760586,0.122786595897,0,1,1,1,1,1,1,1,1,ok
bicmppi,BiC-MPPI,204,over_right,left_low,0.03,0.05,0.2,0.0283536357253,0.0170976648141,0.170547960109,0,1,1,1,1,1,1,1,1,ok
bicmppi,BiC-MPPI,205,over_right,right_high,0.03,0.05,0.2,0.523524833917,0.35314823946,0.134017883902,0,0,0,1,0,0,0,0,1,q+ee
bicmppi,BiC-MPPI,206,over_right,right_low,0.03,0.05,0.2,0.45177867148,0.222376053504,0.187131597691,0,0,0,1,0,0,0,0,1,q+ee
bicmppi,BiC-MPPI,207,over_right,over_left,0.03,0.05,0.2,0.212121104185,0.0591624246292,0.462490634801,61,0,0,0,0,1,0,0,0,q+ee+vel+col
bicmppi,BiC-MPPI,208,over_right,front_left_mid,0.03,0.05,0.2,0.0278111032591,0.018528261182,0.176794736345,0,1,1,1,1,1,1,1,1,ok
bicmppi,BiC-MPPI,209,over_right,front_right_mid,0.03,0.05,0.2,0.242142956846,0.159483420737,0.189868870475,0,0,0,1,0,0,0,0,1,q+ee
bicmppi,BiC-MPPI,210,front_left_mid,home_mid,0.03,0.05,0.2,0.226460323498,0.134742033584,0.179178550583,0,0,0,1,0,0,0,0,1,q+ee
bicmppi,BiC-MPPI,211,front_left_mid,detour_high,0.03,0.05,0.2,0.029660018386,0.0127976555161,0.132566746052,0,1,1,1,1,1,1,1,1,ok
bicmppi,BiC-MPPI,212,front_left_mid,goal_right,0.03,0.05,0.2,0.0296342627733,0.018154848297,0.118466271466,0,1,1,1,1,1,1,1,1,ok
bicmppi,BiC-MPPI,213,front_left_mid,pre_pick,0.03,0.05,0.2,0.75421751195,0.235032234817,0.278998547736,201,0,0,0,0,0,0,0,0,q+ee+vel+col
bicmppi,BiC-MPPI,214,front_left_mid,pick_low,0.03,0.05,0.2,0.250255634329,0.148796480505,0.228984960104,122,0,0,0,0,0,0,0,0,q+ee+vel+col
bicmppi,BiC-MPPI,215,front_left_mid,transfer_high,0.03,0.05,0.2,0.0763526404916,0.0522301214501,0.107510708963,0,0,0,1,0,1,0,0,1,q+ee
bicmppi,BiC-MPPI,216,front_left_mid,pre_place,0.03,0.05,0.2,0.0294434196388,0.0196701144125,0.136177715053,0,1,1,1,1,1,1,1,1,ok
bicmppi,BiC-MPPI,217,front_left_mid,place_low,0.03,0.05,0.2,0.0850631993287,0.0339341906541,0.0183498434576,0,0,1,1,1,1,0,1,1,q
bicmppi,BiC-MPPI,218,front_left_mid,left_high,0.03,0.05,0.2,0.11585782965,0.0568501273747,0.227294260227,60,0,0,0,0,1,0,0,0,q+ee+vel+col
bicmppi,BiC-MPPI,219,front_left_mid,left_low,0.03,0.05,0.2,0.219273516404,0.0870526861912,0.178903515095,80,0,0,0,0,0,0,0,1,q+ee+col
bicmppi,BiC-MPPI,220,front_left_mid,right_high,0.03,0.05,0.2,0.0299225082651,0.0169288589857,0.118092757465,0,1,1,1,1,1,1,1,1,ok
bicmppi,BiC-MPPI,221,front_left_mid,right_low,0.03,0.05,0.2,0.028625704579,0.018220713036,0.138209892692,0,1,1,1,1,1,1,1,1,ok
bicmppi,BiC-MPPI,222,front_left_mid,over_left,0.03,0.05,0.2,0.168336464228,0.0961712728911,0.182727564113,2,0,0,0,0,0,0,0,1,q+ee+col
bicmppi,BiC-MPPI,223,front_left_mid,over_right,0.03,0.05,0.2,0.0294889620863,0.0163971401888,0.150071556646,0,1,1,1,1,1,1,1,1,ok
bicmppi,BiC-MPPI,224,front_left_mid,front_right_mid,0.03,0.05,0.2,0.189548853182,0.122951119539,0.119122048967,0,0,0,1,0,0,0,0,1,q+ee
bicmppi,BiC-MPPI,225,front_right_mid,home_mid,0.03,0.05,0.2,0.267121166932,0.0944493730308,0.143377184882,65,0,0,0,0,0,0,0,1,q+ee+col
bicmppi,BiC-MPPI,226,front_right_mid,detour_high,0.03,0.05,0.2,0.0295259545873,0.0145766400565,0.112345376332,0,1,1,1,1,1,1,1,1,ok
bicmppi,BiC-MPPI,227,front_right_mid,goal_right,0.03,0.05,0.2,0.653145135987,0.469082149002,0.122076127773,0,0,0,1,0,0,0,0,1,q+ee
bicmppi,BiC-MPPI,228,front_right_mid,pre_pick,0.03,0.05,0.2,0.0284323012346,0.0192695842038,0.129845928405,0,1,1,1,1,1,1,1,1,ok
bicmppi,BiC-MPPI,229,front_right_mid,pick_low,0.03,0.05,0.2,0.0297350273236,0.0161540659123,0.174746438229,0,1,1,1,1,1,1,1,1,ok
bicmppi,BiC-MPPI,230,front_right_mid,transfer_high,0.03,0.05,0.2,0.102884907176,0.0537834814058,0.1382715982,34,0,0,0,0,1,0,0,1,q+ee+col
bicmppi,BiC-MPPI,231,front_right_mid,pre_place,0.03,0.05,0.2,0.179966167046,0.121889677765,0.249263567619,0,0,0,1,0,0,0,0,0,q+ee+vel
bicmppi,BiC-MPPI,232,front_right_mid,place_low,0.03,0.05,0.2,0.520606369281,0.245448718622,0.302079136394,0,0,0,1,0,0,0,0,0,q+ee+vel
bicmppi,BiC-MPPI,233,front_right_mid,left_high,0.03,0.05,0.2,0.0288757959654,0.0195751039904,0.130241225454,0,1,1,1,1,1,1,1,1,ok
bicmppi,BiC-MPPI,234,front_right_mid,left_low,0.03,0.05,0.2,0.0280472701322,0.0160141114055,0.150908278381,0,1,1,1,1,1,1,1,1,ok
bicmppi,BiC-MPPI,235,front_right_mid,right_high,0.03,0.05,0.2,0.0900938003927,0.0634159909505,0.0800954951287,0,0,0,1,0,1,0,0,1,q+ee
bicmppi,BiC-MPPI,236,front_right_mid,right_low,0.03,0.05,0.2,0.645421014406,0.401443959196,0.180030331924,0,0,0,1,0,0,0,0,1,q+ee
bicmppi,BiC-MPPI,237,front_right_mid,over_left,0.03,0.05,0.2,0.0292235316444,0.0130546461943,0.128308725755,69,1,1,0,1,1,1,1,1,col
bicmppi,BiC-MPPI,238,front_right_mid,over_right,0.03,0.05,0.2,0.129099038955,0.0828267635436,0.193020508603,33,0,0,0,0,0,0,0,1,q+ee+col
bicmppi,BiC-MPPI,239,front_right_mid,front_left_mid,0.03,0.05,0.2,0.0283744335305,0.0185725601841,0.128064805964,0,1,1,1,1,1,1,1,1,ok
